है,,,,,,,,,
है,,,,,,,,,
है,,पेन,,,,,,,
में,,काज,काठ,,,,,,
में,,मोड़,,,,,,,
से,सेठ,,,,,,,,
से,,,,,,,,,
की,,,मठ,,धाक,मल,,,
को,बज,,,सम,श्वेत,,,,
को,,,,,,,,,
ने,,जड़ें,होम,,,,,,
ने,,,,,,,,,
और,,,,,कश,हर्ज़,,,
और,,ठान,,,,,,,
और,गौर,,,,,,,,
हैं,,ताप,,,,,नकद,,
का,,,टोड,,,हष्ट,,,
का,,,,वेष,,,,डी,
पर,,,,,,,,,
पर,,पात्र,मा,,,,,,
पर,,,,,,,,,
एक,,,पौं,,,,,,
,,,नर्म,,,,,,
,,,,,,,साह,प्रपत्र,
भी,,,,,इज,,,,
तो,पार्क,,,,,,,,
तो,,,,वाक्य,,,,,
था,,,,क्रीम,,,,,
था,आह,,,,,,सास,,
था,,,,,,,,,
वह,,,,,,,,,
वह,,,,,,,,,
हो,,,,,,,,,
हो,ठंड,,,,,,,,
ही,,,छे,भेड़,,,,,
कि,,,होल,,,,,चौक,
मैं,छू,,,,,,,,
मैं,,आहट,,,,,,,
मैं,,,,श्रेय,,,,,
कर,,,,,,,,,
कर,,,छे,,फूस,,,,
कर,कांच,,मॉं,,पान,,,,
यह,,,,,,,,,
यह,,,टांक,,छेड़,,,,
यह,,,,,,,,,
थी,,,,बैंड,,,,,
,कांच,,,उलझ,,,,प्रसि,
,,,,,,,,,
,,,फर्क,,पात,,,,
क्या,,,,,,,,,
क्या,,छत्ता,,,,,नगद,,
कुछ,छू,बाढ़,,गेट,उँह,,,,
कुछ,,,,,,,,,
,,,माप,,,,,,
,,,,,,,,,
,ठंड,,,,,,,,
,छा,,,,,,,,
इस,,,फ़ार्म,,,,नक्ल,,
न,,,व्रत,हद,फ़िस,,,,
न,,,,,फ़ूड,मम्म,,,
साथ,,,फिक्र,,,मय,,,
,,खट,,,,,,,
,,,नोंक,दब,,,,,
अब,,,,,,,,,
अब,,,,,,,,,
फिर,जोश,,,,,,,,
फिर,भाप,,गिर्द,रेंग,,,,,
फिर,,गैस,,हरर्र,,,,,
फिर,जिन,,,,,,,,
तुम,,,,,,,,,
रहे,,,,,,,,,
गए,,,,उफान,,,,,
गए,दम,,,,,,,,
,,,,,,,,,
,,,,,,,,फ़ुट,
,,,,,छाँह,,,फ़ीट,
,,,,,,,,,
,,,,,व्यय,,,,
,,,,क्षत,,,,,
,,,चूस,,,,,,
पास,,,,,,,,,
पास,,,गढ़,,,,,,
,आह,,गढ़,,,टाग,,,
,,,,,,टांय,,,
दिन,,,,,फिज़,,,फ़िल्म,
मां,ठंड,,पौध,,,,,,
,,,,,ईश,,,,
हम,,,थन,,,,,,
घर,,,लोभ,,फार्म,,,फ़िट,
जो,,,पेय,,,,,,
जो,,,चंद्र,रील,,,,,
जो,,,,,वज्र,,,,
जो,,,,,गप्प,,,,
जब,,गुण,,,,उफ्फ,,,
माँ,,,,,,,,छाछ,
,छा,,,,फ़्रिज,सुस्त,,फ़ार्म्स,
,,,,डोल,फ़्लैट,,,,
,,,,,,,,,
सब,,,,,,,,,
सब,शान,,नित,,,,,,
,,,,,,पिट,,फाँस,
आ,,,ऐ,,,,,ख़स,
आ,अंग,,,,,,,,
आ,,,,,पार्थ,,,,
आ,,,,,,,द्रव,,
आ,,,,,,,,छिः,
आ,,,,,आय,खिच,,फ़ोर्ड,
,वृद्ध,,,,,,,,
,,,,,,,,,
,,,घात,,,,,,
उस,मी,,सुर,बुझ,,,,,
उस,,,,,,,,,
जी,,,,चक,,,,,
,,वर,,,,,,वौं,
,,,,चख,,,,,
जी,,,,ट्रंक,,,,,
जी,,,भौंह,,,,सत्,,
जी,,,,खिंच,चित्त,,,,
जा,,,,,,,,,
जा,,,,,पार्ट,,,,
,,,,,दुह,,,,
दो,,,घाट,,,,,,
,,,,,,,,,
,,,,,,,,,
,पक्ष,वक़्त,,,चुग,,,,
,मी,,,,,,,,
,,,,रच,,,,,
राम,नल,,,,,,,,
बाद,,,हिंद,,,,,,
आप,,,,,,,देष,,
ले,,,,पीट,,,,,
ले,,,,ख़त्म,,,,,
ले,,,,डोल,,,,,
ले,,,,खाक,ओय,,,,
,,,,,,,,,
ओर,,,,,,,,,
,,,शेड,,,,,,
ओर,,,,,,,,,
,मी,,,,,,,,
,,,,,,,,,
,,,,,,,,,
काम,,,श्याम,,राष्ट्र,,,,
,,,,,,छौंक,,,
,गुड़,,,ताक,,,,,
पेड़,,,,,,,,,
,,,,,जंग,छोह,,,
,व्यूह,,,,,,,,
,,,,ठप,,,,छन,
,,,,,,,,,
,,,,,,,,,
,,,,,कुंभ,,,,
हाथ,,,,,,,,,
या,,,,,फ्राप,,,,
,,,,टोप,,,,,
या,,किन,,,,,,,
आज,,,होल,,,,,,
,ताल,यू,,,,,,फर्स्ट,
,,,,मांड्,,,,,
,,,,,,,,,
ये,,,,,,,,,
,,ढाल,,,,,,,
,,,दाद,,,,,,
,,,,,,,,,
,,,,,,,,,
बार,,,,,,,,,
बार,पार्टी,,फर्श,,,,,,
लोग,,,,,,,,फ़र्स्ट,
,वृद्ध,,,,,,,फ़र्न,
,,,,,,,,,
,शुभ,,फ़िक्र,,,,,,
,,,,,,,,,
क्यों,,गिन,,,,,,,
,मी,यू,,,,,,,
,,,,पीस,,,,,
,,,,,,,,फ़र,
मन,,,,,,ऊंघ,,,
,,,,आक़िफ,,,,,
,,,फांद,,,,,,
,,झूल,,,,,,,
तब,,,,,,,,,
दी,,,,,,,,,
रंग,,झूल,,,,,,,
रंग,बर्फ,,,,,एट,,,
रंग,,,,,,छुट,,,
,नल,,,,,,,,
,,,,टोक,,,,शॉल,
,,आन,,,,,,,
,,,,,,,,,
दे,,,,टॉर्च,,खाँस,,,
दे,,,,,,,,,
नाम,,,गोश्त,,,,,ज़ू,
हर,,,,,,,,,
दे,,,,,,,,,
,,,,,,,,,
,क्षण,,,,,,,,
,द्वार,,,,,,,,
,कांप,हं,,माघ,,,,,
हां,,,बैंच,,,,अंब,,
,ढंग,करी,,,,,,,
,,,,,किंग,ग्रंथ,,,
,,,,क्रॉस,,,,,
सी,,,,,,,,,
,,,,टर,,,,,
सी,,,,,,,,,
,,यू,,,,,,,
,,,,,,पेल,,,
सी,,,,,,,,,
,जाग,,,,,,,,
,,,,,,,,,
थीं,,,,जिस्म,,,,ज़िप,
देख,,,,,,बंट,,,
देख,,,कैंप,,,,,,
दूर,,,,,,,,,
ठीक,खींच,,,,,,सररर,,
ठीक,,,,,,,,,
,हल,,,,,,,,
,,,,सान,,,,,
,,,,,,,,,
,,आन,,,,,,,
,,,सूंड,,रेंग,,,,
,,,,गैर,,,,,
,,सेर,,,,,,,
,,,,,,खोज़,,,
,,,,,,जाक,,,
,,,,,,,,,
,,ख़ुश,,,,,,,
,,,,,,,,,
,,,,सांध,,,,,
रात,,,,,,,,,
,,,,,,,,,
,,,,पट,,खोंस,,,
,,,,,,,,,
,,,,,,,,,
,,,,,,,,,
,,,,,,,,,
,,,,,,,,,
,,,ज़िद,,,,,,
,,,,साध्य,रिज,,,,
,,सेर,,,,,,,
,,,,,,,,,
शेर,,,,,,,,,
शेर,,,,ब्याज,,,,,
बस,,,,,,,,ज़ोन,
बस,न्यौत,,,,,,,,
,,,,,,,,,
,,,,,चेत,,,,
,,,,ब्रुश,,,,,
वो,,,,,,,,कुश,
वो,,,,जूस,,खौल,,,
वो,,हं,,,,,,,
सा,,,,,,,,,
सा,,,मस,,,,,,
,,,ढ़ेर,,चाप,,,,
,,मूस,,,,,,,
,,,,,,,,,
,,,,,,,,,
,,,,,,,,,
गाँव,,,ऊश,,,,,,
,,,,बौद्ध,,,,,
,,,,,,,,,
,,,,,,,,,
,,,,,,,,,
,हल,,खाद,,,,,,
,,,,,,,,,
,,गिन,,,,,,,
,,,टस,बॉल,,,,,
,खींच,,,,पर्त,,सप,,
,जोड़,,,,,,,,
,,,,,,,,,
,,,इंच,,रिस,,,,
,जाल,,,,,,,,
युद्ध,,,,,,,,,
खेल,,,,,,,,,
,खींच,ख़ुश,,,,,,,
,,,,,,फक,,,
खेल,,,,,,,,,
,,,,,,,,,
,,,,,,,,,
,जाग,ढाल,,बाम,,,,,
भर,,,सिख,,,,,,
भर,गूंज,हं,,,,,,,
भर,,खाद्य,,,,,,,
,,,स्वर्ण,,,,,,
,,,,,,,,,
,कांव,,,,,,,,
मुँह,,,क्लिंग,,,,,,
,,,मूंग,,,,,,
,,,,,,,,,
,,,,,,फस,धत,उ़फ,
,,,,,,,,,
,,,,,,,,,
,दुःख,,,,छड़,,,,
चल,,,,,,,,,
चल,,,,,फर्र,,,,
चल,,,,,छम,,,,
इन,,,,,वी,,,,
,चीज,,,,,,,,
,,,,,,,,,
,,,,,,,,,
,,,,,,,,,
,,,,बाड़,,,,,
,,,,,,,,बार्स,
देर,स्नेह,,,,,,,,
देर,,व्यक्त,,यूल,,,,,
बीच,,,,,,,,,
देर,,,,आकुल,पोंछ,,,,
,,,,,,,,,
लाल,बेच,,,,,फ़ेंक,,,
लाल,,,,,,,,,
लाल,,,,,,,,,
सिर,,,,,,,,,
,,,,,पाक,,,,
,,,,,,,,,
बाल,,,,,,,,,
लो,,,टांड,,,,,,
उन,,,,,,,,,
,,,,,,,,,
,,,,गूँध,दस्त,,,डफ,
,,,,,,,,,
,गूंज,,,,,,,,
,,,,कौ,काक,,,,
,ला,,,,,,,,
,,,,,,,,,
,फूट,,,,,,,,
,,क्यूं,,,,,,जाम,
,फूट,,,,,,,,
,,,,,,,,,
,,,,,,,,,
,,,,,,,,,
,,,,,,,,,
,,,,,किड़,,,,
,,,,,,,,,
,,ठान,तोंद,,,,,,
बन,,,,,,,,,
बन,भीड़,,घुर्र,,,,,,
,,,,,,,,,
मिल,,,,,प्रेत,,हम्ब,,
मिल,,,,,,,,,
,,,,,,,,,
,,,लेंस,,,कूट,हम्म्म्म,,
,,,,,,,,जिद,
,,,,,,,मूंह,,
,,,,,,,,,
,,,,जांप,,,,,
मिल,,,,,,कोस,,,
,,,पोंख,,,,,,
खूब,,,राव,,,,,जिंग,
खूब,ला,ठक,स्तब्ध,,,,,,
,,ठन,,,,,,,
,,,,,,दूट,,,
तीन,,वैर,,भद्द,,,,,
खुश,,,,,,,,,
खुश,,,,,,,,,
,,,,झाग,,,,,
,,नव,,,,,,,
,,घिर,सिख,,,,,,
,,,,,,,,,
फूल,,,,,,,,,
फूल,,,,,,,,,
फूल,पद,,,,,,,,
,,,,,,,,,
लग,ला,,,,,,,,
,ला,,,,,,,,
,,,रास,,,,,,
,बेच,,ज्वर,,,,,,
,,,,,,,,कंद,
याद,,,क्रस्ट,,हिम,दिय,,,
,,,,,,,,,
,,,,,,,,,
,,,आड़,,,,,,
,,,,,,,,जाद,
,,,,,,,,,
,,,,,,,,,
,,,,झम,,दह,,,
,,,पर्व,,,,,,
,,,,,,,,,
,,,,,,,,,
,,,सब्र,,,,,,
रह,,,,,,,,,
रह,,,,,,,नाह,,
,,,,,,,,,
रह,फूट,,,,,,,,
कर्ण,,,ख्याल,,,,,,
,बेच,,,,,,,,
,,,,,,,,,
कर्ण,,,,,,,,,
,,,,,,,,,
डर,,,,,,,,,
डर,,,,,,,,,
,,,,टक,,,,,
,,,,,,,,,
,,भून,शार्क,,,,,,
,,,,,,,,,
,,,,,,,,,
,गाल,रूक,,,ओम,,,,
ना,,,,,,,,,
,,,घोल,पड,,,,,
,,,,मद,,,,,
ना,,डम,गिद्ध,टन्न,,,,,
ना,,,,,,,,,
,,,पैन,,,,,,
,,,राज़,,,,,,
,,,,क्रीज़,श्श,,,,
हाँ,नष्ट,,,,,,,,
,,,चंद,,,,,,
भाग,,,,,,,,,
,,,,,,,,,
भाग,,,,,,,,,
,,,,,,,,,
भाग,,,,,,,,,
,,,,,,,,,
,,,,स्क्रीन,,,,,
,,शाब,,पोंछ,,,,,
मत,,,टांक,,,,,,
,गुप्त,,,,,,,अहं,
,,,भौंक,,,,,,
,मिर्च,,,,,,,,
मत,,,,,,,,,
,,,,,,,,,
रूप,,,,,,,,,
,,,,,,,,,
,जेब,,बिछ,भा,,,,,
चार,मूर्ख,,झांक,,,,,,
,,,,,,,,,
,,,,,,,,,
,,कूच,,,,,,,
,,,,कोक,,,,डांक,
,चीख,,,,,,,,
,,वैर,गुँध,,,क्यो,,,
,,,,,गण,,,,
पुत्र,,,,,,,,,
,,खैर,,,,,,,
,,,,,,,,,
,,,,,,,,,
,,,,,,,मे़ज,,
,,,,,,,,,
,,ईंट,,,,,,,
,,फाड़,,,,,,,
खा,,,,,,,,,
,,,,,,,,,
खा,,,,,,,,,
खा,राय,,,,,,,,
,,,,भस्म,,,,,
खा,,,उफ,,,कौंध,,,
ज़ोर,,,तें,पण,बा,,,,
ज़ोर,,,दुआ,,,,,,
गेंद,,,पैन,,,,करैं,,
गेंद,,,,,,,,,
,,,,,,,,,
पांच,,,,,,,,,
,,,,,,,,,
,चीख,,,,,,,,
सो,गंध,,,,,छट,,,
सो,,,,,,,,,
सो,,,,,,,,,
सो,,,एबी,जोंग,,,,,
,,ठन,,,,,नीच,,
,छोर,,,,,,,,
,,,,,,उ़ड,,,
गिर,,,थू,नम्र,,,,,
,,,,,,,,,
हँस,,,घुर्र,,,,,,
,,,,,,,,,
गिर,,,,,,,,,
,,,खिन्न,कोय,,,घोट,डांग,
,,,पौध,,,,,,
,,,गाएं,सार,,,,,
,,रूक,,,,,,,
,,नोक,,,,,,,
दूध,,,,,,,,,
,,,,,पूं,,,,
,,,,,,,खाय,,
दूध,,,,,,,,,
,,,,भेष,,,,,
,,,,भेल,,,,,
,,,,,,,,,
,,,,,,,,,
,,,,,,,,,
बंद,,,,,,,,,
,,,चूस,,गत,,,,
,,,,,,,,,
कह,,,,,,,,,
,,,,कोन,पुट,,,,
,,,,,,,,,
,,,,,चीख़,,,,
पेट,,,जम,,कुढ़,,,,
साल,,,,नर,,,हर्ज,,
,,,,ग्रीष्म,,,मेंज़,,
,,,,सुर्र,,,,,
,,,,,,,,,
,,वृत्त,,वोह,,हस,,,
देश,कार्ड,,घोल,शं,,,,,
,,,,,,,,,
,,,,,जप,,,,
,,,,,,,,,
,,,,टोक,,,,,
,धुन,,,,,,,,
,,,जोत,,,,,,
,शू,,,,,,,,
,,नव,,,,,,,
,,,,,,,,,
,जार,,,,एव,,,,
,,,,,,,,,
,,,,,,,,,
,,किट,,,,,,,
पूंछ,,,,,,,,,
,,,,,,,,पेल,
पूंछ,,,,ठूँस,,,ढील,,
,,,,,,,,,
,,,छान,,,,,,
चुक,,ऊब,दाईं,,,,,,
दस,,,,,,,,,
,छाप,,,,,हेै,,,
,,,,,,कोंच,,,
,,,इक,,,,,,
जान,,,,,,,,,
जान,,,,,बाध्य,धा,,,
जान,,,,,,,घूंट,,
तू,चोर,,,,लुट,,,,
,,,,,लद,,,,
,,,,,,,,,
,,,,,,,,,
तू,,हॉर्न,,,,,,,
,शू,ऊब,,बक,,,,,
तू,,,,,,,,,
रख,,,,ठग,,,,,
,,,,,छिः,,,,
,,,,,,,,,
,,,छोड,,घुप,,,,
रख,,,घट,,,,,,
,स्लेट,,,,,,,,
पार,,कस,,,,,,,
पार,,,,,,,,,
पार,,,,,,मींच,,,
,,,,,,,,,
,,,,,,,,,
,,,घट,,,,,,
,,,,,,,,,
पैर,ग्राम,,,,,,,,
,गर्व,,झेल,,,,,,
,मांग,,,,,,,,
,,चढ़े,,,ध्या,,,,
,,,,,,,,,
,,,,,,,,,
,,,,,,,सूद,,
,,कद,,,,,,,
कथा,,,मिट,,,,ग्वाल,,
नींद,,,,,,,सूझ,,
,,डोर,,मूंद,,,,,
,,,,,,,,,
कल,,,,,,,,टीप,
कल,जार,,,,,,,बाज,
,,,,बाज़,,,,खल,
छोड़,,बाय,,,,,ग्लेन,,
,,,,,,,,,
,,,ढो,,,,,,
,,,,मांज,,,,बाग़,
वन,,,,,,,सूंस,,
,,,,,,,,,
राज्य,,कस,,,,,,,
,,,,,,,,,
,,,,,,डिग,,,
वन,,पेड,,दाग,,,,,
रथ,,,,,,,,,
,काश,,,,,,,,
,,टिप,,मीच,लॉक,,,,
,,,,,,,,,
गोल,,,,,,,,,
,सींग,,,,,,,,
गोल,,जून,,,,,,डरन,
,वंश,,,,,,,,
,धुन,,,,,,,,
उड़,,,नो,,,,,,
,,,,,,,,,
उड़,,,,,,,,,
उड़,,,,,,,,,
,,,चूम,,,,,,
हे,,,,,,,ढोर,,
,,,,,,,,,
हे,,फ़र्श,,,,,,,
हे,,,,,,,,,
,,,,बेठ,,,,,
सोच,,,साद,,,डस,,,
सोच,,,,,,,,,
हे,घेर,धड़,,,,,,,
वर्ष,,,,,,,नांद,,
,,,घोल,,,,सेज,,
साँस,,,,,,,,,
,,,,,,,,,
आम,मांग,,,,,,,,
लौट,छाप,,,,,,,,
आम,माल,,,लूट,,,,,
लौट,प्लेट,,,,,,सॅक,,
,,,,,,,,,
,कण,,,,,,,ज़ंग,
मित्र,,,,,,,,,
,,,चुभ,चूर्ण,,,,,
,ब्रश,,,,,,,,
,,,,,,,,,
,,,बीन,,,,,,
,,,,,,,,,
,,,,,,,,,
खुद,,,घट,पोत,,मथ,,,
चित्र,,,प्रातः,,,,,,
खुद,,,,,,,,,
,ट्रक,,,,,,,,
,शू,बिन,कू,,,,,,
नाक,,,,,,,,,
,,पढ़ी,,,,,,,
,,,,,,,,,
,,बहस,नो,,,,,,
,,,,,,,,,
,,,,,,,,,
,सूख,,,लूट,,,,,
,,,मूल्य,,,,सुत,,
,,,,,,कर्र,,,
,,,,,,,,,
,फट,,,,,,,उाफ,
,,,,फुर,,,,,
,,,,,,,,,
चीज़,,,मा,,,,,,
भीम,,,,वोह,,,,,
,,,कू,,,,,,
,,,,,,,,,
,,,,,,,ग्रीक,,
,,कड़ी,मै,फ़ास्ट,,,,,
पड़,,,,,,,,,
पड़,,,,,,,ग्रेस,,
,,,,,,,,,
डाल,,,,,,,,उड,
डाल,,बैज,क्रुद्ध,,,,,,
पड़,,,,,,,,,
,,,,,,,,,
क्रोध,,,,,,,,,
दें,,,,,,गूं,,,
,,,,,,,,,
,,,,लांघ,,,,,
,,,राज़,,,,,,
,,,,,,,,,
,,,,,,,,,
वीर,ढोल,,,,,,,,
,,,,,,,,,
रोज़,,,,,,,,ब़र्फ,
रोज़,,,,,,,,,
अंत,,,बीन,,अर,,,,
,हर्ष,फेर,,,मल,,,,
रोज़,,,,,,,,,
वीर,,,,,,,,,
अंत,,,छे,,,,,,
,ढोल,,नो,,,,,,
,,,प्रातः,,,हूप,,,
शाम,,,,,,,,,
,फट,भीग,,जुड़,,,,,
,,,,,,,,,
खेत,,,,,,ढ़क,,,
हाल,,,,,,ढप,,,
,,,,भाल,,,,,
कान,,,,,,हुं,,,
चांद,,,,,,,,,
,,कूच,,,,,,,
चाय,,,,,,,,,
,,,वर्ण,,,,,,
,फट,,पौं,भाल,,,,,
,,,,भो,बेध,,,,
,,,,,,,,,
,,,,,,,,,
,,,,,त,हिं,स्टाफ,,
,,,,,,,स्क्रिप्ट,ड्रेस,
गये,,आंच,,शं,,,,,
,,,,,,,घन,,
,बांट,,,,,,,,
,,,,,,,,,
,,,,,,,,,
घास,,,,,,,,,
,,,,,,,,,
,,,,,,रिस,,,
फल,झूम,,क्रुद्ध,,,तप,,,
फल,झूम,,,बूट,बूझ,,,,
,,रण,,,,,,,
मार,,,,,,,,,
मार,,,,,,,,,
,,,कू,,,,,,
,,सन्,,,,ढा,,,
,,,,बक,,,,,
आग,इम्मा,,,,,,,,
,,,नित,,,,,,
,,,,,हास्य,,,,
आग,,,,,,,,,
,,,,,,,,,
,,,,,,,,,
,,,,,बेठी,,,,
हों,,ख़ास,,जुड़,लाश,,,,
,तिल,,,,,,,चर्र,
,बैंक,रट,गिद्ध,,,,,,
पंख,,,,,,,,,
,,,,,,,,,
,सूख,,,,,,,,
,,,तें,,,,,,
,कष्ट,,भैं,,,,,पय,
,,,,,कु,,,,
सच,बेल,,चुस्त,,,,,,
सच,,,,जात,,,,,
,,,,,,डुल,,,
प्यार,,,,,,,,,
,,,नर्म,,,,,पफ्फ,
,,झील,,,सद्यः,,,,
,,फेर,,,,,स्त्रोत,,
सिंह,,भीग,,बैर,,,,,
,हर्ष,,,,,,,,
,,,,,हँस,,,,
,बांट,भीग,,,,,,,
,झूम,,थू,,,,,,
,,,,,,,,,
,,,,,ढंक,,,,
,शक,,,,,,,,
,,,,,,,,,
,,कस,,,,,,,
,,भोज,,,,,सॉ,,
,,,,,,,,,
,,,प्रातः,,,,,,
,,,,,,,,चप,
,,,,,,,,,
हाँ,,,,,,,,,
,चैन,,मॉं,,,,,चन,
वाह,,खंड,,,,,,,
,,,,,,,,,
,,,,,,,,,
,,,स्तब्ध,,,,सैट,,
,बेल,पिन,,,,,,,
,,,,,,,,,
धूप,फट,,,हय,,,,,
,,,छान,,,,,,
,,,,,,,,,
,,,,,,,,,
,,,,,,,,,
,कैद,,सुर,,,,,,
,ब्याह,,,,,,,,
कब,,,,,,,,,
,,,,,बुत,,,,
,,,,,,यूँ,,,
,,,,,,,,,
दौड़,बह,,,सड़,,,,,
,,,,,,,,,
जोर,,,,,,,,,
मान,,,बेर,,,,,,
जोर,,,,,,,,,
मान,,,,थ,,,,,
जोर,,,,,,,,,
मान,,,उफ,झर्र,,बिट्,,,
,,शीत,,धत्,,,,,
,,,,,,,नान,,
,,,,ठप,,,,,
ऊंट,,शीत,,,,,,,
मान,मील,,,,,,,,
ऊंट,,,,,,,,चम,
हंस,,,बेर,,,,,,
हंस,जुट,,बीन,,,,,,
जाएं,,,,,,,,,
,,,,,,,,,
,धम,,,,,कफ़,,,
शोर,,,,,,,नाद,,
,,पक,,,हाँ,झल,,,
,,,,,,,नाथ,इंग,
,,,,सड़,,,,,
,,,दुर्ग,,,,,,
,,,माफ,,,,,,
बढ़,,,,हांक,,,,,
,,,,,,,,,
,,,,,,,,,
,,,,,,,,,
,,,,देन,,बिंध,,,
किस,,,,,,,,,
,,म,,,,,,,
,,,,,,,,,
,,,,,,,,,
,,,,,,,,,
कूद,,,ऑफ़,,,,लीद,,
,,,,,,,,,
,,,,,,,,,
,,,,,,,लीग,,
कूद,,,लुक,,,,,,
,,,,,,,,,
,जुट,मौज,,टल,,,,,
,,,,,,,,,
,,,जूट,,,,,,
,झुंड,,,,माँ,बींध,,,
,,,पाल,,,,,,
,,,,,खेप,,,,
,,,,,,,,,
गाय,,,,थूक,,रौंद,,,
,,,,,,,,,
,,,चिप्स,,छो,,,,
गाय,,,,धत्,,,,,
,,,,,,,,,
,,,,,,,,,
,,वें,,,,,,,
,,,,,,,,,
,,,,,,,,,
,,,चीड़,,,,,,
गाय,,,,सट,,,,,
,छुक,,,,,,,,
चान,छुक,,जेन,,,,,,
,,,,,,,,,
,,,,देन,,,,,
जल,,,,,,,,कांठ,
,,,,,,,,,
,,,ब्रेक,,,,,,
,कैट,,,,,,,,
,,,,,,,,,
,,,,,,,,,
,,,लाद,,,,,,
,,मौज,,,,,,,
,काल,,,,,,,,
,,,,,,कुंज,,,
जल,,जन,लेख,,,,,रेख,
सुन,,,ओट,,,,,,
,,बुध,,,,,,,
,,,,,,,,,
हाँ,,,,,,,,,
सुन,,,,खल,,,,,
सुन,,,,,,,,,
,,,,,,,,,
,झूठ,,,,,,,,
,क्लास,,,,,,,,
खास,,जन,कैच,,,,,,
,,,,,,,,,
,,,,,,,,,
,,,,,पिर,,,,
,बिट्टू,,,,,,,,
,,,बिंग,,,,तौल,,
,गार,ई,कुंड,,,,,,
बाघ,,,फोड़,छिल,,,,,
,,,,,,,,,
,,,,,,,,,
,,,,,,गल,,,
,,,,,,,,,
खास,बीप,,,हॉं,,,,,
,,,,चू,,,,,
,,,,,,,,,
,,,शाह,,,,,,
वक्त,,,,,,,तैश,,
,,,,धाक,,,,,
बोल,जांच,ऑफ,,,,,,,
,,,,,,,,,
तेज़,,,,,,,,,
,,,,,,,,,
अन्य,,,,,,,,,
,करण,,,धुल,,,,,
तेज़,,गुम,,,,,,,
बोल,,घूर,द्रव्य,,,,,,
,,,,,,,,,
,,,,,,,,,
,,,,श्वेत,,बर,,डोस्ट,
,,,फेन,धुल,,,,,
,बह,,कृप,,,,,,
ओह,,टी,,,,,,,
,,,बीम,,,,,,
,,उड़े,,,,,,,
ओह,,,,,,,,,
,,नाप,,,,,,,
,,चाट,,आत्म,,,,,
स्थान,,,,पट,,,लाग,,
,,,धर,,,,,,
,,,,,,,,,
,,,,,,,,,
,,,अंश,,,,,,
,,,,पाट,,,,,
ओह,,,,,,,,,
,,उड़े,,,,,तोल,,
,,,,,,,,,
,,,,,,भींच,,,
,,,,,,,,,
भूख,बँध,टी,,,,,,,
,,,डग,,,,,,
,हुक्म,,,खिंच,,,,,
,,,,चेत,,,,,
,,,,,,,,,
,,,एंड,,,बद,,,
,,,,,,,,,
,,,,खीझ,,अट,,,
,,,,,,,,,
,,,,चुग,,,,,
प्राप्त,जुट,,दूब,,,,,,
,,,,घिस,,,,,
,,,,,,,,,
,,,,,,,,,
,,,,डट,,,,,
चोंच,,हित,बर्र,,,,,,
सूर्य,जड़,टेक,,,,,,,
,,,बर्न्स,,सर्द,,,,
,,,,खीच,,,,,
,,,,,,,,,
,,,,,,,,,
,,,,,अग्र,,,,
,,,,,,गुथ,,,
,,,,सज,,,,,
नाच,लाभ,,,,,,,,
,,,,,,,,,
,,,,,,,थ्रश,,
नाच,,,,,,,,,
,,,,,,,थोड़,,
,लक्ष्य,,,,,,,,
नाच,,,,,,,,,
,,,,,,,,,
,,,,,,भैय,,,
,,,,,,,,नेह,
काट,,,,,,,,,
,चाह,,शौर्य,,,,,,
,,,,,,गुंथ,वट,,
,,,,,फ़्रेंच,,वड,,
,,,,बिक,,,,,
,,,,थूक,,,,,
,धूम,,जश्न,,,,,,
,धूम,,,,पीत,,,,
गीत,,,,,,,,,
,,,,,,,,,
काट,,,बाक,,,,,,
गीत,,,शिव,,,,,,
,,,,,पुष्ट,,,हेल,
,,,गुन,सट,,,,,
,स्त्री,,,,,,,,
,,,,,,गी,,,
काट,वार,,,,,,,,
,शून्य,,,,,,,,
स्वर,लड़,,शुक्ल,,,,,,
,,,,,,,,,
,,,,,,,,,
,,,,,,,,,
,,,,,,,,,
,,,,,,,,,
,,,,,,,,,
,फोन,,,,,,,,
,धार,,,,,,,,
सर,,,,,,,,,
भूल,बोझ,,,,,,,,
खोल,,तुल,प्याज,बंध,,,,,
,,धँस,प्पी,,,,,,
,,,,,,,,,
,,सूंघ,वाद,,,,,,
भूल,तौर,चिढ़,,,,,,,
,,,,,,,,,
,,,,,,,,,
,,,,,,लुट,,,
खोल,,,,,शुद्ध,,,,
,बित्तो,,,,,,,,
,,,,,,,,,
,,,,,,,,,
,,,,,,,,,
,,,विघ्न,पट,,,,,
,,,,पड,,,,,
,,,,,,झोंक,,,
,,,,,,,थाप,,
,,,,,,,,,
,खर,,,,,,,,
,,,,,,,,,
,जूड,उफ़,,,अश,,,,
,,,,,,,,,
,,,छंद,,,,,,
दिल,,,बोध,,,,,,
,,,,क़द,,,,चंग,
उठ,,,,,,,,,
,,,,,,,,,
टूट,,,,,,,,,
टूट,,,,,,,,ढाक,
,,,,,,,,,
,,,,,,,,,
,,,,,,,,हीर,
चुप,,,,,,,थर,,
,मौत,,,,,,,,
,,,,पिय,,धत्त,,,
,,,,,,,,,
,,,,जोह,,उग्र,,घोष,
,,,लौंग,लात,,,,,
,,,,पीट,,,,,
,दान,,कै,,,,,,
,,,,पीस,,,,,
,छांव,,,,,,,हिब,
,,सिल,,,,,,,
खोज,वेश,,,,व्याध्य,,थान,,
खोज,,भिड़,,,,,,,
,मिंग,,ओस,,व्याघ्र,,,,
,,भाऊ,,,,,,,
,,,,,,,,,
,,,,चिक्क,,,,,
,,,,,,,,,
,कोट,,,,,,,,
,,,किम,,,,,,
,,,,,,,थीन,,
,,,,,,,थु,,
,,,,,,,,,
साफ़,,,,,,,,,
आठ,,,,,,,,,
,,,,,,,,,
दिख,,,,,,,,,
,,,,,,,लौ,,
,,,,चख,,गर,थाल,हूब,
रुक,सहज,,,खाँ,,,,,
,,,,,,,,नूर,
रुक,,सुध,,,,,,,
थक,,बेठे,,,,,थाब,,
,,,कीट,,,,,,
रुक,,,बेंत,,,,,,
,भैंस,,,पां,,,,,
,,,,,,,,,
,,,,,,,,,
,,,,,,,,,
,,,,,,,,,
,,,,,,,ऑल,,
,,हठ,ग्रे,,,,,हुल,
सौ,,,,,,,,,
,चौंक,,ठेस,,,,,,
थक,,,,,,,,,
,,,,,,,,,
,,,,,,,,,
,,,,,,,,,
,,,,,,,,,
मेज़,,ठोस,,,,,,,
,,,,,,,,,
दुख,,,फँस,,,,,,
,,,,,,,रु,,
सिर्फ़,,,,,,,,,
,,,बांग,,,,,,
पाँव,,,फड़,,,,,,
,घुल,,,,,,,,
,घुल,,फन,,,,,,
,,,,,,,,,
,,,झड़,,,,,,
,मुख,,,,,,,,
,,ठाट,,,,,,चट्ट,
छत,ट्रेन,,,,,,,,
,,,,,,,,,
मिस,वार,,,,,,,,
झट,,,,,अप,,,,
,चौंक,,,,,,,,
,,,,,,,,,
,,शंख,,,,,,,
,,,,,,,,,
,,,,,,,,,
,मुकुट,,,,,,,,
,,,,,,,,ढ़ूंढ,
,चाह,,,,,,,,
,,हाव,,,माँ,,,,
,घुल,,,,,,,,
,,,,,,,,,
,,,,,,,अज,,
,,,,,,तोल,,,
,,,,,,,,,
,,,,,,धर्र,,,
,मुख,,,,,,,,
,,टेक,,,,,,,
ढेर,,,,,,,,,
,,,मुफ्त,,,,,,
,छीन,,,,,,,,
,जल्द,,,,,,एह,,
,झुक,,,हांक,,,,,
,,,,,,,,,
,,,,पोत,,,,,
,,,,,,,,,
,,,,,,,,,
,,,,जंच,,,,,
ढेर,,,,,,,,,
ढेर,,,,,,,,,
,,,,,तुप,,,,
,,बैग,,,,,,,
,,,,,,,,,
,ताड़,,,,,,,,
,,,धक,,,,,,
,,,,,,,,,
,,,,,,पूत,,,
,,,,,,,,,
,,तल,,,,,,,
सात,,,,,,,,,
,,,अम्ल,,,,,,
,,नभ,,,,,ताक़,,
,,,,,,,,,
,तार,,,,हिंस्र,,,,
,,,,,,,,,
,नोट,,,रुप,वाद्य,,,,
,नील,,,,,,,,
,,,,रूम,,,,,
,,,नीर,,,,,,
,,,,,,,,नौश,
,,,,,उर,,,,
,,,,,,,,,
,,,,,,,,ों,
,,,,,,,,,
,,,,,,,,,
,फ़िर,,भव्य,,,,,,
,फुर्र,,,गज,,,,,
,,दैत्य,,,,,,,
,जग,,,,,,,,
,फ्रॉक,यश,,,,कोस,,,
,,,,,,,,,
,,,,,छील,,,,
,,,,,,,,,
,,,,,,,,,
,,,,,,,,हौज़,
,,जांघ,,,,,,,
,,,,,,छक,,,
,,,,,त्री,,,,
,,,,,,,,,
,,,दीन,,,,,,
,,,,दर्प,सील,,खेद,,
पा,,,,रच,,,,,
,भात,,दग्ध,,,,रि,,
,,,,,,,,पंप,
,,त्यों,,,,,,,
सीख,,,,,,,,,
,,,,,,,,,
,,,,,,,,,
शब्द,सैम,,,,,,,,
,,,,,,,,,
,,,,,,,,,
,मैच,,,,सूझ,,तात,,
,,,,,सक,,,,
,,,,,,,,,
,,लेह,,,,,,,
,छुप,,,,,,,,
सीख,,,व्याप्त,,,,,,
,,,,,,,,,
,,,सेंक,,,,,,
,घी,,,,,,,,
,,,नेक,,,,,पंग,
शांत,,,,,बख्त,पच,,,
,,,,,,,,,
बीज,,,,,,,,,
गर्म,झुक,,,लाड़,,,,,
,,,,शुड,,गट,,कांस,
,,,,,,,,,
,,,,,,,,,
व,,,,,,,,,
,,,,,,,,पेंक,
जीव,मेल,,,,,,,पेंड़,
,टीम,,,,,,,,
,,,,,,,,,
,,,,,,,,,
,,,,,,,,,
,,दैत्य,,,,,,,
,,प्लीज़,,,,,,,
,,,,,,,,,
गर्म,,,,,,,,पूस,
,,,,,,,,,
,,,,,,,,,
सांप,ध्वज,,,वेद्य,,देसी,,,
,,वें,,,,,,,
,टांग,,ग्रे,दि,,,,,
पीठ,,,,,,,,,
,,,,,,,,,
दल,,,,,,,,,
,,,,,,,,,
,,,,,,,,ऊख,
,,,,गात,,,,,
,,,,,कद्र,,,,
,छीन,,,,इस्,,,,
,,गुट,,,,,,,
,,,,,,,,,
,,,,,,,,,
,,डॉ,,,,,,,
,,,,,,,,,
,,,सुर्ख,,,,,,
,,,,,,,,,
,,पक,,,,,तेत,,
पढ़,श्रेष्ठ,,झड़,लास्ट,,,,पेस्ट,
,,चुन,,,,,,,
,बिल,चुन,,,,,,,
,,,,थप्प,,,,,
बाँस,,,,,,,,,
,,,,,,,,,
,,खोद,,,,,,,
,,,,,,,,,
,,पक,,,,,आद,चुभ,
,,,,,,दूध्न,,,
,मंद,,,,बद,,,,
तय,,,,,,,,,
,,जूँ,छिन,,,,,,
,,,,गम,,,,,
,टांग,चाट,,,,,,खाँ,
,,मुग्ध,,,कब्त,,,,
,,,बांग,,,कात,,चुप्प,
ज्ञान,,लोक,,,,,,,
,,,,,,तप,,,
,,,,,,,लट,,
राज,केंद्र,,,,,,,,
,,,,,,,,,
,,,,,,,,,
,,,,,,,,,
,,,,,,,,,
,,,,पाट,,,,,
,,,,,,,,,
नाव,,,,,,,रोन,,
,तंग,शेख,,,,,,,
,,,,,,,,,
,तंग,,,,,,,,
खत्म,,,,,,,,,
,यों,नाप,नित्य,,,,ऐड,,
खत्म,,,,,,,तिस,,
हा,,,,,,,,,
,,पक,,,,,,,
हा,,,,,,,,लीव,
हा,छुप,तल,,,ठाड़,,,,
,,,,,भाड़,,,,
रे,जग,,,,,,,,
रे,,,,कील,,,खोह,,
,टिक,,,,,,,,
रे,भात,,,,भूक,सीत,,,
मोर,टिक,चीर,,,,,,,
,,,,,,,,,
हा,,,,,,,,,
,,,,,,,ऐंठ,पुर,
,,,,,,,,,
रोक,,,,तत्त्व,,,,,
,,,,,,सह,,,
,,,,खीझ,,सोख,,,
,,,,,,,तीज,,
जन्म,,,,,झंग,,,,
,,,,,,,रोम,,
,,,,होंठ,,,,,
,,,,ताक,,,,,
,,,,,,,,,
,,,,,,,,चीत,
,,,धूर्त,,,,,,
,,,लू,,,,,काय,
,,,,,रत्न,,,,
,,,,,भीख,,,,
मोर,नील,गुम,,,,लोट,,,
,,,ब्लैक,,,,तुक,,
,,,,,,,,लेप,
,घी,घूर,,,,,रौब,,
,चाक,,रीत,,,,,,
,,,,,,,,,
,,,,,,,रौंद,,
,,,लाद,,,,,पू,
पे,,,,,,,,,
,,,टू,,,,,मेन,
,,,,,,,,,
पे,,,,,,,रोश,,
,,,,,,,,,
,,,,,,,ऐब,,
,,,,,,,,डेश,
,,,,,,,,,
,,,क्षीण,,,,,,
ढूंढ,फिल्म,,,,कोल,,,,
,,तोर,,,,,,,
ढूंढ,,,ठोक,,,,,,
,,घाम,,,,,,,
,भौं,,,,,,,,
,,,,,,ग्रीन,,,
,,थाम,,,,,खिस,,
,कक्ष,री,,,,,,,
भाव,छिड़,,,,,,,,
,,,,,,,,,
वर्षा,नाश,,,,,,,,
,चाव,,,,,,,,
,,ची,,,भूप,,,चॉंद,
,,,,मोज,,,,,
,,गूंथ,,,,,,,
,संस्कृत,,क्वार,ढब,,,,,
,ए,,,,,,,,
,,,क्वाक,,,,,,
बर्फ़,,,,,,,,,
,,बम,,,,,,,
,,,,,,,,चैट,
,,,,,,,,वां,
,,,,,,,,चैत,
,हक,,स्विच,,,,,,
,,,,,,,,चैक,
,,,,याक,,,,,
,,,,,उध्म,,,,
,,भंग,,युग,,,शाक,,
,,,टब,,,,,,
,मूल,दीप,,,,,,,
,,,,,,,,,
,,,टन,,,,,,
,,,,,,,,,
,धो,,,,,,,,
,,,,ख़ां,,सह,,,
,,,,लिस्ट,भान,,,डुप,
,स्पष्ट,,अड़ी,,,,,,
,,,,,,,,,
,,,मर्द,,,,,,
,घोर,,,,,,,किंद,
,,,क्षोभ,,जोल,,,,
,शेष,,,शक्ल,,,,,
,,,,,,,,,
,,,,,,,,,
,स्वस्थ,,,,कोण,,,,
,,,,,,,,,
,,स,,,,,,,
,,,,,,,,,
दूं,,,मांस,,,,,,
मुझ,,,,,,,,,
सिर्फ,,,,,,भ्रांत,,,
,प्याज़,,,,,,,,
ओ,,,,,,,,,
,,,,,,,,,
,मूंछ,,,,,,,,
,चीं,,घुर्रर,,,,,,
,,,,,,,,,
,,,,,ज्ञोर,,,,
,,द्वीप,,डट,,,,,
,,,,,,,,,
,ए,पका,,,भाैंह,,,,
ग्रह,,,,,,,,,
,तर,,,शर्ट,,,,,
,,,स्तर,,,,,,
,,,,,,बद,,,
,,,,,,,,,
,ए,,,,,,,,
,,,,,,,,,
माँ,,,सूंड़,ख़ुद,,,,,
सैर,,,,,,,,,
तट,शेष,,,,,,,,
हार,,चील,झक,,,ठोंक,शड,पॉल,
,,,कब्र,डैग,,भ्रष्ट,,,
,,,,,डंग,,,,
,यार,,,,,,,,
,मध्य,,,,,,,,
,,रोप,,,,,,,
हार,मध्य,,,,,,,,
ओ,,,,,,सक,,,
,,,कोख,,,,,,
,तर,,,,,,,,
,,,,,,,,,
,,,,,,,,डेथ,
,,,,,,भुन,,,
हार,,,आव,,कौंध,,,,
,,,,,,,,,
,त्याग,,,,,नट,,,
,,स्टिक,,,झाड,,,,
,,,,,,,कंस,,
,,,जॉन,,,,,,
,,,,,,,,,
,,,,मूड,झांझ,,,पैच,
,,,,,,,,,
रोज,,,,,,,,,
,,,,,,,,,
,,,स्केच,स्ट्रे,मंड,,शश,,
,,लय,कौर,मिस्र,,,,,
रोज,,रोड,,,,अग,,,
,तर,कंठ,,,,भुन,,,
,,,,,,मद्र,,,
,,,,,,,,,
,,,,,,,,,
,,,,,कौम,,,,
,,मर्म,,,,,,पौंछ,
,,,,,स्कार्फ,,,,
,,,,,स्कर्ट,,,,
,मौन,,,,,,,,
,,,सोन,,,,,,
,,,,,,,,पोस,
,,,,स्वार्थ,,,,,
,,,,,,,,,
,,,,,,,,,
,,,,,,,शर,,
स्वाद,,,,,,,,,
,,,भेस,,,,,,
,,,,,,,,,
,दाम,,,,,,,पोल,
,त्याग,,,,मंह,,,ख़ैर,
,,,,,सौंफ,,,,
,,,,,,,शीश,,
,शीघ्र,,,,,,,,
,,,,ऊव,,,,,
,,,,,,,,,
,,,,,मंद्र,,,,
,,,,,,,,,
तोड़,,,,,,,,,
,शौक,,,पंथ,,,,,
,,,,,,,,,
खून,,,,,,,,,
,बाट,श,,,,,,,
,,,,,,,,,
,,,,,,साख,,,
,,,पूज्य,,,,गुड,,
,,छीं,,,,,,,
,,,,,,,,,
,भौं,फुट,बँध,,कोव,,,,
,,,,,,,,,
,,,,,,,,,
,,,,,,,,,
,,,,,,,,,
,,,,,,ऐंठ,श्राद्ध,,
नृत्य,,,आड़ा,,,,,,
,,शाल,,,,,,,
,,,,,,,,,
,मौन,,,,,,,,
खो,,,,,,,,,
,चीं,,,खुट,,छन,,,
खो,,,चित,,,,,,
,,,,,सेंट,,,,
,,,,,,,,,
खो,इत्र,,नोच,खुर,,,,,
,,,पेश,,झप,,,,
,,,,,,,,,
,,,,,,,,,
,,,,,भौम,,,,
,परे,,,,,,,,
,,,,,,,,,
वृक्ष,,तह,,,,,,,
,,,,होड़,,,,,
,,,,,,,,,
धन,,,,,,,,,
,,,चर,,,,,,
,पृष्ठ,,,,,,,,
,,फर,,युल,,,,,
बाग,धो,,,,,,,डोन,
,धो,,,,,,,,
,,,,,,,षट,,
,बूंद,बांके,,,,,,,
,यार,भ्रम,,,,,,,
,,,,,,,,,
,,,,,,,,,
,,,,,,,,,
,,,,,,,,,
,,,,,कोष,,,,
,चीं,,ज्ञात,,ठौक,,,,
,हक,,,,,,,,
,,भोग,,,,,,,
कुल,,,,,,,,,
,,,,,,,शौच,,
,,,,,,,,,
,ज्यों,स्वत,ठाठ,,,,,पायं,
,साग,,,स्टैंड,,,,,
बल,,,,,,,,,
,,,,,खम,,,,
,बेंच,,,,,,,,
,,,,,,,,,
,,,,,,,,,
,,श्री,मास,,बॉप,,,,
,,,कर्म,,बॉब,,,,
,,,,,,,,,
,,,,,,,,,
,,शाप,,,,,,,
,,धौंस,,,बैस्ट,,,,
,मूल,,,,,,,काग,
सुख,,,,,,,,,
,,भ,,,,,,,
,,,,सज,,,,,
मार्ग,,,,,,,,,
,,,,,सार्स,,,ल,
,,,,,,,,,
,,,,,,,,,
राह,,,,ग्रुप,,,,चिंग,
,,भार,,,,,कच्छ,,
,चूक,,,,केश,,,,
,,,,,,,,,
,मुफ़्त,,,,,,,,
,सींक,,,,,,,,
,,,,,,,,,
,,हेग,,,,,,,
,डांट,,,,,,,,
बच,,,,,,ठन्न,,,
,चूक,,,,,,,,
,,,,,,,,,
,हिल,,,,,,,,
,,,,शव,,,,,
,,,,,,,,,
बच,,झर,,,,,,,
चाल,,,,कच,,,,,
,,,ऋण,,,,शोध,,
,,,,,,,,,
,,,ढल,,,,,,
,,,,,,,,,
डाक,,,,,सिंक,,,,
,,,,बेथ,सा़फ,,,,
दर्द,,मोम,,,,,,,
केक,सूत,,,,,,शो,,
,,खान,,,,,,,
सुख,,,,,,,,,
,,,,,,,दूध्,,
,दुम,,,,,,,,
,,,,,,,शेव,,
,,,,,,,,,
,,,धर,,,,,,
,,दंड,,शी,,,,,
भूत,दोष,देह,,,,,,,
आस,,,,,मुड,,,,
आस,,,,,केस,घुट,,,
,,,,,,,,पांज,
हट,,,,,,,,,
भेज,,,,,,,,,
,,,टू,,,,,,
,,,,,,घूं,,,
भूत,,खाट,,,,,,,
,,,,,,,,,
मर,,,,,,,,पीप,
दांत,,,,,,,,,
रो,चूं,ऑन,,,,,,,
,सूत,,,,,,,,
,पंच,,धक,,,,,,
,,मांद,हाई,नथ,,,,,
,मोह,,,,,,,,
,,,,,जिल्द,रुँध,,,
हट,,,,,,,,,
,,,,,,,,मेह,
,,,,टेप,,,,,
,,,,,,भील,,,
आंख,,माह,,,केद,ठिक,,,
मर,,ट्री,,,,,,,
,,,,,,,,,
रो,,,,,,,,,
,,,,,,,,,
रो,,चीन,,,,,,,
,,,,,,,,,
,,,,,,,,,
रो,जौ,रूमाल,,,,,रमन,,
,,,,,,,,,
रक्त,,,,,,,,डॉग्स,
,सींक,,,,बेन,,विन,,
,,,,,,,,,
,,,,,,थि,,,
,,कमीज,,,बैग्,,,,
,,,,,,,,,
,,,,,,,,,
दांत,,स्थल,,,,,,,
,,,,,,,,,
,,,,,,,,,
हट,,,,गुह,,कित,,,
,,,,,,भक,,,
पल,,,,,,,,,
,,एल,हू,,,,,,
,,,,,,,,,
छेद,खिल,क्लब,,,,,,पुत,
,पंच,,,गेम,,,,,
,,,,,,,,,
,,,,,,शा,,,
,,,,,,,,,
,,,रीत,,,थप,,मेस,
अर्थ,चट,,,,,,अचा,,
पल,,,नित्य,,,,दह,,
,,ड्रम,,,,,,,
,,द,ठाठ,,,,,,
,,,,,,,,,
,,इल्ली,,,,,,,
,दोष,,,ध्रुव,,,,,
,,,,,,,,,
,ऊं,ईद,,,,,,,
,आर,,,,,,,,
यज्ञ,,बिग,,,जोग,,,,
,,,,,,,,पीर,
,,,,,,,,,
,,,,,,,,,
,,,,,,,वाष्प,,
,,भोर,,,,,,,
,जौ,,,पिस,,,,,
,,,,,,,,,
,खिल,,,,,,,पिट्ट,
,,,,,,,,डॉगज़,
,डांट,,स्वप्न,,कॉल,,,,
,छल,,,,,,,,
रेल,,विष,,,,,,,
,,,,,,,,,
,चूं,,पाल,,,,,पिच,
,,,,,,थो,,,
,,गुल,छिन,,,,,,
,,,,,,,वाम,,
,,,,,,,,,
रेत,,,,,,,,चिन,
,मोह,,,,,,,,
,,,,,,,,,
,,,,,,,,,
,,,वश,,सींच,,,,
पुल,,,वर्क,,,,,,
,,,,,,,,,
,,,,,,,,,
,,,लौह,,,,,,
नीम,,,,ध्वस्त,,,,,
,,,,,,,,,
,,,,नंग,,,,,
,,,,,,तोड,,,
,,सन,,,,,,,
,,,,,,,,,
,वस्त्र,,लार,,,,,,
,,,,,,,,,
,,,,,,,,कान्ट,
चोट,,,,,,,,,
तेज,खिल,धप्प,,,,टीप,,,
,छाल,,,,,,,,
,वोट,,,,,लिप,,,
,वेग,,,,,,,,
,,,,,,,,,
तैर,विश्व,,,,,,,,
,,ऊन,,,,,,,
,,दर,,,,,,,
,,,देव,,,,,,
खर्च,,ठूँस,,,,लै,,,
खर्च,आर,,ऋण,,,,,,
,,,,,,किय,,,
,,,,,,,,,
फैल,,,उगा,वित्त,,,,,
,,,बो,,,,,,
तैर,,,,,जैव,,,,
घुस,,,,,,,,,
,,,,,,,,,
,जेल,,,,,,,,
तीर,,,,,,,,,
,पथ,,,,,,,,
,,,,,,,,,
,,,,,,चढ़़,,,
प्यास,,,,,,,दाह,,
,,,,,,,,,
,,,,,,,,,
,सौंप,,,,,,,,
,,,,,,लौं,,,
,,,,,,,,,
खुल,मेज,,,,,,,,
,,,रूठ,,,,,,
,,,,,सिम्त,,,,
,ढक,,,,,,,,
,,,बट,,,,,,
,,,,,,,,,
,,,,,,,,,
तिन,,,,,ब्रज,,,,
,,,,,,,,,
,,,यत्न,ग्यार,जुर्म,,,,
खुल,सूत,,लू,,ब्यास,,,,
तिन,,,उग,,,,,,
,चट,,,,,यक,,,
,हिल,,,,,,,,
,,,,,,,,,
,,,,सुन्न,,,खीज,,
,,,,,,,,,
छिप,,,,नीक,,,वेफ,,
,,,,,,,,,
,,,,,,,,,
,,,,,जैंग,,वेद,,
,पोस्ट,,,,,,,,
,,,उग,,,,,,
,,सांझ,,,,,,,
,,,,,जैक,,,,
,पीकू,,,,,,,,
,,,सुर्ख,,,,,,
,,,रूठ,,,,,,
रान,,,,,,,,,
,ऊं,,,,,,,,
,यंत्र,,,,,,,,
,,,,,,,,,
,,,,,,,,,
,,,,,,,,,
,,बैट,,सध,,,,,
,कमल,,,,,,,,
छिप,फॉन,,,,,,,,
छिप,,,,,भक्त,,,,
खुल,,,हांफ,,भक्ष्य,मृण,,,
रस,,,,सभ्य,कैन,,,,
,,,धर,,,,,,
,,थाम,नीर,,जेठ,,,,
,,,,,,,,,
,,ईद,,,,,,,
वैद्य,,,,,,,,,
,झाड़,,,,स्कोर,,,,
ता,,,,,,तीत्र,,,
,,भोग,बट,,,,गाड़,,
,,भोर,,,,,,,
,फ़र्क,,,,,,,,
,,,,,,,,,
,,,,,,,,,
,,,,,,,,,
,,,,रिक्त,,,,,
खीर,,,,,,,,,
,इंद्र,चीन,,,,,,,
,मुड़,,,,,,,,
,,,,ते़ज,,,,,
,,,हू,,,,,,
,,,,,,,,,
,थम,,,,,,,,
,,,,,,,,,
,टर्र,,,,,,,,
,भेद,,फुले,,,,,,
,,,,,टेल,,,,
,,,,,,,,,
,,,,लात,,,,,
,,,,,,,,,
,,,नोच,,,,गह,,
,मंच,,मुफ्त,,,,,,
सेब,,रोप,,,,,,,
पलंग,,,,,,,दाढ़,,
,,,,,,,,,
,,,,,,,,,
,,,,,,,,,
रस,राख,,फ़िश,,,,,,
,ढक,,टाल,,,,,,
उम्र,,,,,खड़,,,,
,,ह,,,,,,,
लाख,,अन्न,छिन,,,,,,
,टप,,,,,,,,
ता,,,,,,,,,
,,,,,,,विह्ल,,
ता,,,,,,,,,
,,,,,,दार,,,
,,,टंग,,टॉल,,,,
दाल,,,स्रोत,,,,,,
,,,,,,,,,
जीभ,,,,,,,,,
,,,,,,,,,
,सूट,,,,,,,,
,,,,,,,,,
,,,,,,,,,
,,,,,,,,,
वध,,,ढल,,खट्ट,,,,
बैल,,,,,,,,,
,,,,आर्त,,,,,
सू,,,,,,,,,
,,,,रुद्ध,,,,,
बाप,,मुक्त,,,,,,,
,तान,,नस,,,दक्ष,,,
,छींक,,लाद,,,,,,
,,,,,,,,,
दुष्ट,,,,,,,वीन,,
सू,,,,,,खात,,,
,,,,,,रुँध,,,
,,,,,,,,,
,,,,,,,,,
बीत,,ची,,,आक,,,,
सू,लपेट,,धक,,,,,,
,मुर्गा,,,,,,,,
,,,,,,भोंक,,,
दुष्ट,,,,,,,,,
,,,,,,,,,
,,,,,क्षेम,,,,
,,स्टिक,लड,,,तिय,,,
बीत,,जुल,,,,ढन्न,,,
गोद,फ़ीस,,,,,,,,
,,,,,,कोंध,,,
,कट,,हाई,,,,,,
दास,,,,,,,,,
,कट,,कोर,,,,,,
बीत,,,,,,,,,
,,,,,टीन,,,,
बाप,,,,,,,मूंठ,,
,यक्ष,,,,क्षुद्र,,,,
पूछ,,गूंथ,,,,,,,
,,,,,,,फुर्ज,,
,,,,,,,,,
पूछ,,,सूं,,,,,,
,दंग,,,,,,,,
,,,,ख़ूब,,,,,
,,,,,,,मूछ,,
,,,,,,,,,
,,भांप,,,,,,,
,,,दुह,,,,,,
,,गूँध,,,,,डार,,
,,,,,,,,,
,,,,,,,,,
,,,,,,,,,
,,,,,,,,,
,,,,,,,,,
,,,,,,,,,
साफ,,,,,,,,,
जीत,,,,,,,,,
,तन,,,,मांड़,,,,
,,,,,,,,,
,,स,,सज,मांड,,,,
,,जूँ,ठोक,,,,,,
,कट,,,,,,,,
,,,,,टुन,,,,
,,,,,टूथ,,फेंट,,
,,,,,,,,,
दूत,,,,,,,,,
,,,,,,,,,
,,,चर,,,,ऊंच,,
दूत,,,,,,,,,
,,सौर,,,,,,,
,,,मिश्र,,,,,,
,,,इर्द,,,,,,
,,गुल,,,ट्रेल्स,,,,
,,,मोल,,,,,,
जय,तन,,,,,,,,
,,री,,नाज़,,,मूंज,,
,,,मैल,,,,,,
जीत,समा,,बुन,,ट्रे,,,,
,,,,,,,,,
भेंट,,,,,,,,,
,,,मैन,,,,,,
धान,,,,,,,,,
प्रेम,,,,,,,,,
भय,,घाम,,,,,,,
,,,,,,,,,
साफ,,,,,,अंड,,,
,,,डेढ़,,,,,,
फँस,,,,चिक्क,,,,,
जीत,,,अम्ल,,,मीत,,,
,,,,,,,शंट,,
,मुर्गा,,,,,,,,
,यो,,,,,,,,
,,,,,,,,,
धर्म,पिशि,,,चूर्ण,,,,,
हें,,,,,,,फाल,,
,,,,,,,,,
,फूंक,,,,,,,,
,उल्टी,,,,,,,,
,बचत,,,,,,,,
,,,,,,,,,
कार,,,,,,,,,
छूट,छप,,,फ़ास्ट,,,,,
लिख,,,,,मींस,,,,
,,,,,,,,,
पशु,,विष,,फुर,,,,,
,,,,,,,,,
बांध,,,,,,,,,
,पलक,,,,,,,,
,जुले,,मृग,,,,व्रूक़,,
,,बम,,,,,,,
,चुन्नु,,,,,,,,
बांध,,,,बक,,,मूड्स,,
,,,,,,,,,
चूर,,,,,,,,,
,,,,पीट,,,,,
,छप,,,,,आध,,,
,,,,,,,,,
,,,,,,,,,
डूब,स्थिर,,,लड़ें,,,,,
गा,,,पाल,लवली,ह्रास,,,,
,,,,,,,,,
,,,,,,,,,
,,,सूत्र,,,,कीप,,
,पाव,,,,,,,,
,,,,,मास्क,,,,
,फूंक,,मेघ,,,,,,
,,,हाट,,,,फीस,,
ढूंढ़,कंक,,,,हेय,,,,
डूब,,,,,,क्रूर,,,
,,,,,,,फीट,,
,,,,,,,मूड़,,
,,,ठाक,,हेत,,शट,,
,,,,,,,,,
,,,,,मार्क,,,,
,,,,,,बेक,तप,,
चूर,,,,,,,,,
,,,,,,,,,
,,,,,,,,,
,,,ठेल,,,,,,
,,,,,,धैंस,फैक,,
,,,,,,,,,
,,री,घर्र,,,,,,
,,,,,,,,,
,,,,,,,,,
,,,,,,,,,
,,,,,,,,,
,,,,,,गॉट,,,
,,,,शः,,,,,
,,,,,,,डाउन,,
हें,,,,,,,,,
,,,,,,,,,
अनु,,जुल,,,,,,,
,,,,,,,,,
गा,,,,,,,,,
कार,,री,,,,,,,
,,,,,,,शीर,,
,,,,,,,,,
अनु,,,,,,,,,
शर्त,,,,क़द,,,,,
,,,,वा,,,,,
गा,,,,,,,,,
,,,,,,साज़,,,
,,,,,,गैंद,,,
,,,,,,,,,
,,,,,,गॉड,,,
,,,,,,,,,
,,,,,,,,,
,,,,दब,,,,,
डूब,,,,,,,,,
,,,,,,,,,
अनु,,,,,,,,,
,,,,,,,जज,,
,,,सेंक,,,,,,
पशु,,,चिक,,,,,,
,,,,,,,,,
छूट,,,,,,,,,
,,,,,,,मुहं,,
,,,,,,,,,
,सीट,,,,,,,,
,,,अथाह,,,,,,
हाय,,,रूह,,,,,,
,,,रूस,,,,,,
,,मस्त,एस,,,,,,
,,,,,,,,,
,,,ताव,,,,,,
,,,,जात,मत्त,,डांठ,,
पूर्व,,,,बाज़,,,,,
हाय,यो,,,,,,,,
,,,,,,,,,
,,बिग,,,,,,,
होश,तान,,,,,,,,
,,,,,,धैम,,,
,,,,बुझ,,,,,
,,,,,,यूथ,,,
,,,,,,,,,
,,,,,,,,,
,,,,,,,,,
पी,,,,बूट,,,शील,,
पी,,,,,,,,,
,घाव,,,,,,,,
,,,,,क्रय,,,,
लेट,,,,,,,,,
घूम,,,,,,,,,
,,,,,,,,,
,,,पग,,मड,,,,
,,,,,,,फ्रिल,,
पी,,औ,,,टंग,,बँध,,
,मत्स्य,,,,,,,,
,,,,,,,फ्रांस,,
,,,,झर्र,,,फ्राक,,
,,धप,,बैर,,,,,
,,,,,,सह,,,
,,,बुन,,,,,,
,,,एड़ी,,,,,,
,,,,ठग,,धाम,,,
धूल,,,,,,,,,
,,,,आत्म,हँस,,,,
,,,,,,,,,
कप,,,,,,,,,
,,,,खाक,,,,,
,,,,,,,,,
,मत्स्य,,,,,गूढ़,,,
,,,,,,,,,
,,,तर्क,,,,,,
,,,,,,,,,
,तान,,,,,धिन,,,
घूम,,,,,,धीर,,,
यान,प्रभाव,,,,,,,,
,,,,,,,,,
,,दौर,,,,,मूं,,
,,,,ख़त्म,,,,,
लेट,,,,,,,,,
,,,,,,,जंप,,
,,,,,,,,,
,,,,,,,,,
,,,,,,,,,
,,,,,,,,,
,छींक,,,बिछ,,,,,
,,,,,,,,,
,सेट,,,,,सांथ,,,
,एम,,,,,,,,
,,,,,,,,,
,,,,,,,,,
,,,,,,,,,
पूर्व,यो,,,,स्टोव,,,,
,,,,बुक,,,,,
,,,,,,धुंध,,,
,,,,,,सांड़,,,
,,,,,,सांच,,,
,,,,,,,,,
,,,व्यास,,,,,,
हाय,,,,,,,,,
पाठ,स्पर्श,,,,,,,,
,,,पूज्य,,,,,,
फेंक,,,,,,,,,
,,,सींच,,,,,,
बीस,,,,,,,,,
,,,,,,,,,
,,,,सन्न,,,,,
,खाल,,,,,,,,
,भन,,,,,,,,
,छात्र,शार्क,,,,,,,
बज,,अड़,,,मग,,,,
,,,,,,,,,
,,,,,,,,,
अंक,क्रम,,,,स्याह,,,,
बज,,,,,,,,,
,,,,सट,,,,,
,,,आड़े,,,,,,
,,,,,,,,,
,,व्याध,,,,,,,
अंक,,,,,,,,,
,,,ताज,,आंह,,प्रान,,
,राग,,,,झोल,,,,
,ठूंठ,,,,,,,,
,,,,,,,,,
,थकान,,,,,,,,
,,,,,,,,,
,,,,,,,,,
फेंक,,,,,,,च्न्टि,,
,,,,,,,,,
,,,,,,,,,
,सूट,,रत,,,,,,
,,,,,,,,,
,,,,,,,,,
,,,,,,,,,
,दाँव,,,,,,,,
,,,,,,,,,
,,,,,,,,,
,,,,,,,,,
,,,,,,,,,
,,,,,,,,,
,,,,,,,,,
,,,,,,,,,
,,,,,,,,,
,हाँ,,,,,,,,
,माफ़,,,खुर,मस्ट,,,,
,,,,,,,,,
,,,,,,,,,
,चॉक,,,,,,,,
,,,गान,,,,,,
,,,,,,,,,
,,,,,,,,,
,,टैंक,गार्ड,,,,प्रौढ़,,
,,,,,,,,,
,चक्र,,,,,ननद,,,
,,,,,,,,,
,,,,,,सीस,,,
,,,,,,,,,
,,,,,,,,,
,,,,,,,,,
,,,,,,,,,
,,,,,,,,,
,,,,,,,,,
,,,,,,,,,
,,,,,,,,,
,,,,,,,,,
,,,,,,,,,
,,,,,,,,,
,,,,,,,,,
,,,,,,,,,
,,,,,,,,,
,,,,,,,,,
,,,,,,,,,
,,,,,,,,,
,,,,,,,,,
,,,,,,,,,
,,,,,,,,,
,,,,,,,,,
,,,,,,,,,
,,,,,,,,,
,,,,,,,,,
,,,,,,,,,
,,,,,,,,,
,,,,,,,,,
,,,,,,,,,
,,,,,,,,,
,,,,,,,,,
,,,,,,,,,
,,,,,,,,,
,,,,,,,,,
,,,,,,,,,
,,,,,,,,,
,,,,,,,,,
,,,,,,,,,
,,,,,,,,,
,,,,,,,,,
,,,,,,,,,
,,,,,,,,,
,,,,,,,,,
,,,,,,,,,
,,,,,,,,,
,,,,,,,,,
,,,,,,,,,
,,,,,,,,,
,,,,,,,,,
,,,,,,,,,
,,,,,,,,,
,,,,,,,,,
,,,,,,,,,
,,,,,,,,,
,,,,,,,,,
,,,,,,,,,
,,,,,,,,,
,,,,,,,,,
,,,,,,,,,
,,,,,,,,,
,,,,,,,,,
,,,,,,,,,
,,,,,,,,,
,,,,,,,,,
,,,,,,,,,
,,,,,,,,,
,,,,,,,,,
,,,,,,,,,
,,,,,,,,,
,,,,,,,,,
,,,,,,,,,
,,,,,,,,,
,,,,,,,,,
,,,,,,,,,
,,,,,,,,,
,,,,,,,,,
,,,,,,,,,
,,,,,,,,,
,,,,,,,,,
,,,,,,,,,
,,,,,,,,,
,,,,,,,,,
,,,,,,,,,
,,,,,,,,,
,,,,,,,,,
,,,,,,,,,
,,,,,,,,,
,,,,,,,,,
,,,,,,,,,
,,,,,,,,,
,,,,,,,,,
,,,,,,,,,
,,,,,,,,,
,,,,,,,,,
,,,,,,,,,
,,,,,,,,,
,,,,,,,,,
,,,,,,,,,
,,,,,,,,,
,,,,,,,,,
,,,,,,,,,
,,,,,,,,,
,,,,,,,,,
,,,,,,,,,
,,,,,,,,,
,,,,,,,,,
,,,,,,,,,
,,,,,,,,,
,,,,,,,,,
,,,,,,,,,
,,,,,,,,,
,,,,,,,,,
,,,,,,,,,
,,,,,,,,,
,,,,,,,,,
,,,,,,,,,
,,,,,,,,,
,,,,,,,,,
,,,,,,,,,
,,,,,,,,,
,,,,,,,,,
,,,,,,,,,
,,,,,,,,,
,,,,,,,,,
,,,,,,,,,
,,,,,,,,,
,,,,,,,,,
,,,,,,,,,
,,,,,,,,,
,,,,,,,,,
,,,,,,,,,
,,,,,,,,,
,,,,,,,,,
,,,,,,,,,
,,,,,,,,,
,,,,,,,,,
,,,,,,,,,
,,,,,,,,,
,,,,,,,,,
,,,,,,,,,
,,,,,,,,,
,,,,,,,,,
,,,,,,,,,
,,,,,,,,,
,,,,,,,,,
,,,,,,,,,
,,,,,,,,,
,,,,,,,,,
,,,,,,,,,
,,,,,,,,,
,,,,,,,,,
,,,,,,,,,
,,,,,,,,,
,,,,,,,,,
,,,,,,,,,
,,,,,,,,,
,,,,,,,,,
,,,,,,,,,
,,,,,,,,,
,,,,,,,,,
,,,,,,,,,
,,,,,,,,,
,,,,,,,,,
,,,,,,,,,
,,,,,,,,,
,,,,,,,,,
,,,,,,,,,
,,,,,,,,,
,,,,,,,,,
,,,,,,,,,
,,,,,,,,,
,,,,,,,,,
,,,,,,,,,
,,,,,,,,,
,,,,,,,,,
,,,,,,,,,
,,,,,,,,,
,,,,,,,,,
,,,,,,,,,
,,,,,,,,,
,,,,,,,,,
,,,,,,,,,
,,,,,,,,,
,,,,,,,,,
,,,,,,,,,
,,,,,,,,,
,,,,,,,,,
,,,,,,,,,
,,,,,,,,,
,,,,,,,,,
,,,,,,,,,
,,,,,,,,,
,,,,,,,,,
,,,,,,,,,
,,,,,,,,,
,,,,,,,,,
,,,,,,,,,
,,,,,,,,,
,,,,,,,,,
,,,,,,,,,
,,,,,,,,,
,,,,,,,,,
,,,,,,,,,
,,,,,,,,,
,,,,,,,,,
,,,,,,,,,
,,,,,,,,,
,,,,,,,,,
,,,,,,,,,
,,,,,,,,,
,,,,,,,,,
,,,,,,,,,
,,,,,,,,,
,,,,,,,,,
,,,,,,,,,
,,,,,,,,,
,,,,,,,,,
,,,,,,,,,
,,,,,,,,,
,,,,,,,,,
,,,,,,,,,
,,,,,,,,,
,,,,,,,,,
,,,,,,,,,
,,,,,,,,,
,,,,,,,,,
,,,,,,,,,
,,,,,,,,,
,,,,,,,,,
,,,,,,,,,
,,,,,,,,,
,,,,,,,,,
,,,,,,,,,
,,,,,,,,,
,,,,,,,,,
,,,,,,,,,
,,,,,,,,,
,,,,,,,,,
,,,,,,,,,
,,,,,,,,,
,,,,,,,,,
,,,,,,,,,
,,,,,,,,,
,,,,,,,,,
,,,,,,,,,
,,,,,,,,,
,,,,,,,,,
,,,,,,,,,
,,,,,,,,,
,,,,,,,,,
,,,,,,,,,
,,,,,,,,,
,,,,,,,,,
,,,,,,,,,
,,,,,,,,,
,,,,,,,,,
,,,,,,,,,
,,,,,,,,,
,,,,,,,,,
,,,,,,,,,
,,,,,,,,,
,,,,,,,,,
,,,,,,,,,
,,,,,,,,,
,,,,,,,,,
,,,,,,,,,
,,,,,,,,,
,,,,,,,,,
,,,,,,,,,
,,,,,,,,,
,,,,,,,,,
,,,,,,,,,
,,,,,,,,,
,,,,,,,,,
,,,,,,,,,
,,,,,,,,,
,,,,,,,,,
,,,,,,,,,
,,,,,,,,,
,,,,,,,,,
,,,,,,,,,
,,,,,,,,,
,,,,,,,,,
,,,,,,,,,
,,,,,,,,,
,,,,,,,,,
,,,,,,,,,
,,,,,,,,,
,,,,,,,,,
,,,,,,,,,
,,,,,,,,,
,,,,,,,,,
,,,,,,,,,
,,,,,,,,,
,,,,,,,,,
,,,,,,,,,
,,,,,,,,,
,,,,,,,,,
,,,,,,,,,
,,,,,,,,,
,,,,,,,,,
,,,,,,,,,
,,,,,,,,,
,,,,,,,,,
,,,,,,,,,
,,,,,,,,,
,,,,,,,,,
,,,,,,,,,
,,,,,,,,,
,,,,,,,,,
,,,,,,,,,
,,,,,,,,,
,,,,,,,,,
,,,,,,,,,
,,,,,,,,,
,,,,,,,,,
,,,,,,,,,
,,,,,,,,,
,,,,,,,,,
,,,,,,,,,
,,,,,,,,,
,,,,,,,,,
,,,,,,,,,
,,,,,,,,,
,,,,,,,,,
,,,,,,,,,
,,,,,,,,,
,,,,,,,,,
,,,,,,,,,
,,,,,,,,,
,,,,,,,,,
,,,,,,,,,
,,,,,,,,,
,,,,,,,,,
,,,,,,,,,
,,,,,,,,,
,,,,,,,,,
,,,,,,,,,
,,,,,,,,,
,,,,,,,,,
,,,,,,,,,
,,,,,,,,,
,,,,,,,,,
,,,,,,,,,
,,,,,,,,,
,,,,,,,,,
,,,,,,,,,
,,,,,,,,,
,,,,,,,,,
,,,,,,,,,
,,,,,,,,,
,,,,,,,,,
,,,,,,,,,
,,,,,,,,,
,,,,,,,,,
,,,,,,,,,
,,,,,,,,,
,,,,,,,,,
,,,,,,,,,
,,,,,,,,,
,,,,,,,,,
,,,,,,,,,
,,,,,,,,,
,,,,,,,,,
,,,,,,,,,
,,,,,,,,,
,,,,,,,,,
,,,,,,,,,
,,,,,,,,,
,,,,,,,,,
,,,,,,,,,
,,,,,,,,,
,,,,,,,,,
,,,,,,,,,
,,,,,,,,,
,,,,,,,,,
,,,,,,,,,
,,,,,,,,,
,,,,,,,,,
,,,,,,,,,
,,,,,,,,,
,,,,,,,,,
,,,,,,,,,
,,,,,,,,,
,,,,,,,,,
,,,,,,,,,
,,,,,,,,,
,,,,,,,,,
,,,,,,,,,
,,,,,,,,,
,,,,,,,,,
,,,,,,,,,
,,,,,,,,,
,,,,,,,,,
,,,,,,,,,
,,,,,,,,,
,,,,,,,,,
,,,,,,,,,
,,,,,,,,,
,,,,,,,,,
,,,,,,,,,
,,,,,,,,,
,,,,,,,,,
,,,,,,,,,
,,,,,,,,,
,,,,,,,,,
,,,,,,,,,
,,,,,,,,,
,,,,,,,,,
,,,,,,,,,
,,,,,,,,,
,,,,,,,,,
,,,,,,,,,
,,,,,,,,,
,,,,,,,,,
,,,,,,,,,
,,,,,,,,,
,,,,,,,,,
,,,,,,,,,
,,,,,,,,,
,,,,,,,,,
,,,,,,,,,
,,,,,,,,,
,,,,,,,,,
,,,,,,,,,
,,,,,,,,,
,,,,,,,,,
,,,,,,,,,
,,,,,,,,,
,,,,,,,,,
,,,,,,,,,
,,,,,,,,,
,,,,,,,,,
,,,,,,,,,
,,,,,,,,,
,,,,,,,,,
,,,,,,,,,
,,,,,,,,,
,,,,,,,,,
,,,,,,,,,
,,,,,,,,,
,,,,,,,,,
,,,,,,,,,
,,,,,,,,,
,,,,,,,,,
,,,,,,,,,
,,,,,,,,,
,,,,,,,,,
,,,,,,,,,
,,,,,,,,,
,,,,,,,,,
,,,,,,,,,
,,,,,,,,,
,,,,,,,,,
,,,,,,,,,
,,,,,,,,,
,,,,,,,,,
,,,,,,,,,
,,,,,,,,,
,,,,,,,,,
,,,,,,,,,
,,,,,,,,,
,,,,,,,,,
,,,,,,,,,
,,,,,,,,,
,,,,,,,,,
,,,,,,,,,
,,,,,,,,,
,,,,,,,,,
,,,,,,,,,
,,,,,,,,,
,,,,,,,,,
,,,,,,,,,
,,,,,,,,,
,,,,,,,,,
,,,,,,,,,
,,,,,,,,,
,,,,,,,,,
,,,,,,,,,
,,,,,,,,,
,,,,,,,,,
,,,,,,,,,
,,,,,,,,,
,,,,,,,,,
,,,,,,,,,
,,,,,,,,,
,,,,,,,,,
,,,,,,,,,
,,,,,,,,,
,,,,,,,,,
,,,,,,,,,
,,,,,,,,,
,,,,,,,,,
,,,,,,,,,
,,,,,,,,,
,,,,,,,,,
,,,,,,,,,
,,,,,,,,,
,,,,,,,,,
,,,,,,,,,
,,,,,,,,,
,,,,,,,,,
,,,,,,,,,
,,,,,,,,,
,,,,,,,,,
,,,,,,,,,
,,,,,,,,,
,,,,,,,,,
,,,,,,,,,
,,,,,,,,,
,,,,,,,,,
,,,,,,,,,
,,,,,,,,,
,,,,,,,,,
,,,,,,,,,
,,,,,,,,,
,,,,,,,,,
,,,,,,,,,
,,,,,,,,,
,,,,,,,,,
,,,,,,,,,
,,,,,,,,,
,,,,,,,,,
,,,,,,,,,
,,,,,,,,,
,,,,,,,,,
,,,,,,,,,
,,,,,,,,,
,,,,,,,,,
,,,,,,,,,
,,,,,,,,,
,,,,,,,,,
,,,,,,,,,
,,,,,,,,,
,,,,,,,,,
,,,,,,,,,
,,,,,,,,,
,,,,,,,,,
,,,,,,,,,
,,,,,,,,,
,,,,,,,,,
,,,,,,,,,
,,,,,,,,,
,,,,,,,,,
,,,,,,,,,
,,,,,,,,,
,,,,,,,,,
,,,,,,,,,
,,,,,,,,,
,,,,,,,,,
,,,,,,,,,
,,,,,,,,,
,,,,,,,,,
,,,,,,,,,
,,,,,,,,,
,,,,,,,,,
,,,,,,,,,
,,,,,,,,,
,,,,,,,,,
,,,,,,,,,
,,,,,,,,,
,,,,,,,,,
,,,,,,,,,
,,,,,,,,,
,,,,,,,,,
,,,,,,,,,
,,,,,,,,,
,,,,,,,,,
,,,,,,,,,
,,,,,,,,,
,,,,,,,,,
,,,,,,,,,
,,,,,,,,,
,,,,,,,,,
,,,,,,,,,
,,,,,,,,,
,,,,,,,,,
,,,,,,,,,
,,,,,,,,,
,,,,,,,,,
,,,,,,,,,
,,,,,,,,,
,,,,,,,,,
,,,,,,,,,
,,,,,,,,,
,,,,,,,,,
,,,,,,,,,
,,,,,,,,,
,,,,,,,,,
,,,,,,,,,
,,,,,,,,,
,,,,,,,,,
,,,,,,,,,
,,,,,,,,,
,,,,,,,,,
,,,,,,,,,
,,,,,,,,,
,,,,,,,,,
,,,,,,,,,
,,,,,,,,,
