Original,Tokenized,Cleaned,Length,Structure
अंक,"['अ', 'क']",अक,2,VC
अंग,"['अ', 'ग']",अग,2,VC
अंड,"['अ', 'ड']",अड,2,VC
अंत,"['अ', 'त']",अत,2,VC
अंब,"['अ', 'ब']",अब,2,VC
अंश,"['अ', 'श']",अश,2,VC
अग,"['अ', 'ग']",अग,2,VC
अग्र,"['अ', 'ग', '्', 'र']",अग्र,4,VCC
अज,"['अ', 'ज']",अज,2,VC
अट,"['अ', 'ट']",अट,2,VC
अड़,"['अ', 'ड', '़']",अड़,3,VC
अन्न,"['अ', 'न', '्', 'न']",अन्न,4,VCC
अन्य,"['अ', 'न', '्', 'य']",अन्य,4,VCC
अप,"['अ', 'प']",अप,2,VC
अब,"['अ', 'ब']",अब,2,VC
अम्ल,"['अ', 'म', '्', 'ल']",अम्ल,4,VCC
अर,"['अ', 'र']",अर,2,VC
अर्थ,"['अ', 'र', '्', 'थ']",अर्थ,4,VCC
अश,"['अ', 'श']",अश,2,VC
अहं,"['अ', 'ह']",अह,2,VC
आ,['आ'],आ,1,V
आंख,"['आ', 'ख']",आख,2,VC
आंच,"['आ', 'च']",आच,2,VC
आंह,"['आ', 'ह']",आह,2,VC
आक,"['आ', 'क']",आक,2,VC
आग,"['आ', 'ग']",आग,2,VC
आज,"['आ', 'ज']",आज,2,VC
आठ,"['आ', 'ठ']",आठ,2,VC
आड़,"['आ', 'ड', '़']",आड़,3,VC
आत्म,"['आ', 'त', '्', 'म']",आत्म,4,VCC
आद,"['आ', 'द']",आद,2,VC
आध,"['आ', 'ध']",आध,2,VC
आन,"['आ', 'न']",आन,2,VC
आप,"['आ', 'प']",आप,2,VC
आम,"['आ', 'म']",आम,2,VC
आय,"['आ', 'य']",आय,2,VC
आर,"['आ', 'र']",आर,2,VC
आर्त,"['आ', 'र', '्', 'त']",आर्त,4,VCC
आव,"['आ', 'व']",आव,2,VC
आस,"['आ', 'स']",आस,2,VC
आह,"['आ', 'ह']",आह,2,VC
इंग,"['इ', 'ग']",इग,2,VC
इंच,"['इ', 'च']",इच,2,VC
इंद्र,"['इ', 'द', '्', 'र']",इद्र,4,VCC
इक,"['इ', 'क']",इक,2,VC
इज,"['इ', 'ज']",इज,2,VC
इत्र,"['इ', 'त', '्', 'र']",इत्र,4,VCC
इन,"['इ', 'न']",इन,2,VC
इर्द,"['इ', 'र', '्', 'द']",इर्द,4,VCC
इस,"['इ', 'स']",इस,2,VC
इस्,"['इ', 'स', '्']",इस्,3,VC
ई,['ई'],ई,1,V
ईंट,"['ई', 'ट']",ईट,2,VC
ईद,"['ई', 'द']",ईद,2,VC
ईश,"['ई', 'श']",ईश,2,VC
उँह,"['उ', 'ह']",उह,2,VC
उग,"['उ', 'ग']",उग,2,VC
उग्र,"['उ', 'ग', '्', 'र']",उग्र,4,VCC
उठ,"['उ', 'ठ']",उठ,2,VC
उड,"['उ', 'ड']",उड,2,VC
उड़,"['उ', 'ड', '़']",उड़,3,VC
उध्म,"['उ', 'ध', '्', 'म']",उध्म,4,VCC
उन,"['उ', 'न']",उन,2,VC
उफ,"['उ', 'फ']",उफ,2,VC
उफ़,"['उ', 'फ', '़']",उफ़,3,VC
उफ्फ,"['उ', 'फ', '्', 'फ']",उफ्फ,4,VCC
उम्र,"['उ', 'म', '्', 'र']",उम्र,4,VCC
उर,"['उ', 'र']",उर,2,VC
उस,"['उ', 'स']",उस,2,VC
उ़ड,"['उ', '़', 'ड']",उ़ड,3,VVC
उ़फ,"['उ', '़', 'फ']",उ़फ,3,VVC
उाफ,"['उ', 'ा', 'फ']",उाफ,3,VVC
ऊं,['ऊ'],ऊ,1,V
ऊंघ,"['ऊ', 'घ']",ऊघ,2,VC
ऊंच,"['ऊ', 'च']",ऊच,2,VC
ऊंट,"['ऊ', 'ट']",ऊट,2,VC
ऊख,"['ऊ', 'ख']",ऊख,2,VC
ऊन,"['ऊ', 'न']",ऊन,2,VC
ऊब,"['ऊ', 'ब']",ऊब,2,VC
ऊव,"['ऊ', 'व']",ऊव,2,VC
ऊश,"['ऊ', 'श']",ऊश,2,VC
ऋण,"['ऋ', 'ण']",ऋण,2,VC
ए,['ए'],ए,1,V
एंड,"['ए', 'ड']",एड,2,VC
एक,"['ए', 'क']",एक,2,VC
एट,"['ए', 'ट']",एट,2,VC
एम,"['ए', 'म']",एम,2,VC
एल,"['ए', 'ल']",एल,2,VC
एव,"['ए', 'व']",एव,2,VC
एस,"['ए', 'स']",एस,2,VC
एह,"['ए', 'ह']",एह,2,VC
ऐ,['ऐ'],ऐ,1,V
ऐंठ,"['ऐ', 'ठ']",ऐठ,2,VC
ऐड,"['ऐ', 'ड']",ऐड,2,VC
ऐब,"['ऐ', 'ब']",ऐब,2,VC
ऑन,"['ऑ', 'न']",ऑन,2,VC
ऑफ,"['ऑ', 'फ']",ऑफ,2,VC
ऑफ़,"['ऑ', 'फ', '़']",ऑफ़,3,VC
ऑल,"['ऑ', 'ल']",ऑल,2,VC
ओ,['ओ'],ओ,1,V
ओट,"['ओ', 'ट']",ओट,2,VC
ओम,"['ओ', 'म']",ओम,2,VC
ओय,"['ओ', 'य']",ओय,2,VC
ओर,"['ओ', 'र']",ओर,2,VC
ओस,"['ओ', 'स']",ओस,2,VC
ओह,"['ओ', 'ह']",ओह,2,VC
औ,['औ'],औ,1,V
और,"['औ', 'र']",और,2,VC
कंक,"['क', 'क']",कक,2,CVC
कंठ,"['क', 'ठ']",कठ,2,CVC
कंद,"['क', 'द']",कद,2,CVC
कंस,"['क', 'स']",कस,2,CVC
कक्ष,"['क', 'क', '्', 'ष']",कक्ष,4,CVCC
कच,"['क', 'च']",कच,2,CVC
कच्छ,"['क', 'च', '्', 'छ']",कच्छ,4,CVCC
कट,"['क', 'ट']",कट,2,CVC
कण,"['क', 'ण']",कण,2,CVC
कद,"['क', 'द']",कद,2,CVC
कद्र,"['क', 'द', '्', 'र']",कद्र,4,CVCC
कप,"['क', 'प']",कप,2,CVC
कफ़,"['क', 'फ', '़']",कफ़,3,CVC
कब,"['क', 'ब']",कब,2,CVC
कब्त,"['क', 'ब', '्', 'त']",कब्त,4,CVCC
कब्र,"['क', 'ब', '्', 'र']",कब्र,4,CVCC
कर,"['क', 'र']",कर,2,CVC
कर्ण,"['क', 'र', '्', 'ण']",कर्ण,4,CVCC
कर्म,"['क', 'र', '्', 'म']",कर्म,4,CVCC
कर्र,"['क', 'र', '्', 'र']",कर्र,4,CVCC
कल,"['क', 'ल']",कल,2,CVC
कश,"['क', 'श']",कश,2,CVC
कष्ट,"['क', 'ष', '्', 'ट']",कष्ट,4,CVCC
कस,"['क', 'स']",कस,2,CVC
कह,"['क', 'ह']",कह,2,CVC
क़द,"['क', '़', 'द']",क़द,3,CVC
का,"['क', 'ा']",का,2,CV
कांच,"['क', 'ा', 'च']",काच,3,CVC
कांठ,"['क', 'ा', 'ठ']",काठ,3,CVC
कांप,"['क', 'ा', 'प']",काप,3,CVC
कांव,"['क', 'ा', 'व']",काव,3,CVC
कांस,"['क', 'ा', 'स']",कास,3,CVC
काक,"['क', 'ा', 'क']",काक,3,CVC
काग,"['क', 'ा', 'ग']",काग,3,CVC
काज,"['क', 'ा', 'ज']",काज,3,CVC
काट,"['क', 'ा', 'ट']",काट,3,CVC
काठ,"['क', 'ा', 'ठ']",काठ,3,CVC
कात,"['क', 'ा', 'त']",कात,3,CVC
कान,"['क', 'ा', 'न']",कान,3,CVC
कान्ट,"['क', 'ा', 'न', '्', 'ट']",कान्ट,5,CVCC
काम,"['क', 'ा', 'म']",काम,3,CVC
काय,"['क', 'ा', 'य']",काय,3,CVC
कार,"['क', 'ा', 'र']",कार,3,CVC
काल,"['क', 'ा', 'ल']",काल,3,CVC
काश,"['क', 'ा', 'श']",काश,3,CVC
कि,"['क', 'ि']",कि,2,CV
किंग,"['क', 'ि', 'ग']",किग,3,CVC
किंद,"['क', 'ि', 'द']",किद,3,CVC
किट,"['क', 'ि', 'ट']",किट,3,CVC
किड़,"['क', 'ि', 'ड', '़']",किड़,4,CVC
कित,"['क', 'ि', 'त']",कित,3,CVC
किन,"['क', 'ि', 'न']",किन,3,CVC
किम,"['क', 'ि', 'म']",किम,3,CVC
किय,"['क', 'ि', 'य']",किय,3,CVC
किस,"['क', 'ि', 'स']",किस,3,CVC
की,"['क', 'ी']",की,2,CV
कीट,"['क', 'ी', 'ट']",कीट,3,CVC
कीप,"['क', 'ी', 'प']",कीप,3,CVC
कील,"['क', 'ी', 'ल']",कील,3,CVC
कु,"['क', 'ु']",कु,2,CV
कुंज,"['क', 'ु', 'ज']",कुज,3,CVC
कुंड,"['क', 'ु', 'ड']",कुड,3,CVC
कुंभ,"['क', 'ु', 'भ']",कुभ,3,CVC
कुछ,"['क', 'ु', 'छ']",कुछ,3,CVC
कुढ़,"['क', 'ु', 'ढ', '़']",कुढ़,4,CVC
कुल,"['क', 'ु', 'ल']",कुल,3,CVC
कुश,"['क', 'ु', 'श']",कुश,3,CVC
कू,"['क', 'ू']",कू,2,CV
कूच,"['क', 'ू', 'च']",कूच,3,CVC
कूट,"['क', 'ू', 'ट']",कूट,3,CVC
कूद,"['क', 'ू', 'द']",कूद,3,CVC
कृप,"['क', 'ृ', 'प']",कृप,3,CVC
केंद्र,"['क', 'े', 'द', '्', 'र']",केद्र,5,CVCC
केक,"['क', 'े', 'क']",केक,3,CVC
केद,"['क', 'े', 'द']",केद,3,CVC
केश,"['क', 'े', 'श']",केश,3,CVC
केस,"['क', 'े', 'स']",केस,3,CVC
कै,"['क', 'ै']",कै,2,CV
कैंप,"['क', 'ै', 'प']",कैप,3,CVC
कैच,"['क', 'ै', 'च']",कैच,3,CVC
कैट,"['क', 'ै', 'ट']",कैट,3,CVC
कैद,"['क', 'ै', 'द']",कैद,3,CVC
कैन,"['क', 'ै', 'न']",कैन,3,CVC
कॉल,"['क', 'ॉ', 'ल']",कॉल,3,CVC
को,"['क', 'ो']",को,2,CV
कोंच,"['क', 'ो', 'च']",कोच,3,CVC
कोंध,"['क', 'ो', 'ध']",कोध,3,CVC
कोक,"['क', 'ो', 'क']",कोक,3,CVC
कोख,"['क', 'ो', 'ख']",कोख,3,CVC
कोट,"['क', 'ो', 'ट']",कोट,3,CVC
कोण,"['क', 'ो', 'ण']",कोण,3,CVC
कोन,"['क', 'ो', 'न']",कोन,3,CVC
कोय,"['क', 'ो', 'य']",कोय,3,CVC
कोर,"['क', 'ो', 'र']",कोर,3,CVC
कोल,"['क', 'ो', 'ल']",कोल,3,CVC
कोव,"['क', 'ो', 'व']",कोव,3,CVC
कोष,"['क', 'ो', 'ष']",कोष,3,CVC
कोस,"['क', 'ो', 'स']",कोस,3,CVC
कौ,"['क', 'ौ']",कौ,2,CV
कौंध,"['क', 'ौ', 'ध']",कौध,3,CVC
कौम,"['क', 'ौ', 'म']",कौम,3,CVC
कौर,"['क', 'ौ', 'र']",कौर,3,CVC
क्या,"['क', '्', 'य', 'ा']",क्या,4,CCV
क्यूं,"['क', '्', 'य', 'ू']",क्यू,4,CCV
क्यो,"['क', '्', 'य', 'ो']",क्यो,4,CCV
क्यों,"['क', '्', 'य', 'ो']",क्यो,4,CCV
क्रम,"['क', '्', 'र', 'म']",क्रम,4,CCVC
क्रय,"['क', '्', 'र', 'य']",क्रय,4,CCVC
क्रुद्ध,"['क', '्', 'र', 'ु', 'द', '्', 'ध']",क्रुद्ध,7,CCVCC
क्रूर,"['क', '्', 'र', 'ू', 'र']",क्रूर,5,CCVC
क्रोध,"['क', '्', 'र', 'ो', 'ध']",क्रोध,5,CCVC
क्वार,"['क', '्', 'व', 'ा', 'र']",क्वार,5,CCVC
क्षण,"['क', '्', 'ष', 'ण']",क्षण,4,CCVC
क्षत,"['क', '्', 'ष', 'त']",क्षत,4,CCVC
क्षीण,"['क', '्', 'ष', 'ी', 'ण']",क्षीण,5,CCVC
क्षुद्र,"['क', '्', 'ष', 'ु', 'द', '्', 'र']",क्षुद्र,7,CCVCC
क्षेम,"['क', '्', 'ष', 'े', 'म']",क्षेम,5,CCVC
क्षोभ,"['क', '्', 'ष', 'ो', 'भ']",क्षोभ,5,CCVC
खंड,"['ख', 'ड']",खड,2,CVC
खट,"['ख', 'ट']",खट,2,CVC
खट्ट,"['ख', 'ट', '्', 'ट']",खट्ट,4,CVCC
खड़,"['ख', 'ड', '़']",खड़,3,CVC
खत्म,"['ख', 'त', '्', 'म']",खत्म,4,CVCC
खम,"['ख', 'म']",खम,2,CVC
खर,"['ख', 'र']",खर,2,CVC
खर्च,"['ख', 'र', '्', 'च']",खर्च,4,CVCC
खल,"['ख', 'ल']",खल,2,CVC
ख़त्म,"['ख', '़', 'त', '्', 'म']",ख़त्म,5,CVCC
ख़स,"['ख', '़', 'स']",ख़स,3,CVC
ख़ां,"['ख', '़', 'ा']",ख़ा,3,CV
ख़ास,"['ख', '़', 'ा', 'स']",ख़ास,4,CVC
ख़ुद,"['ख', '़', 'ु', 'द']",ख़ुद,4,CVC
ख़ुश,"['ख', '़', 'ु', 'श']",ख़ुश,4,CVC
ख़ूब,"['ख', '़', 'ू', 'ब']",ख़ूब,4,CVC
ख़ैर,"['ख', '़', 'ै', 'र']",ख़ैर,4,CVC
खा,"['ख', 'ा']",खा,2,CV
खाँ,"['ख', 'ा']",खा,2,CV
खाँस,"['ख', 'ा', 'स']",खास,3,CVC
खाक,"['ख', 'ा', 'क']",खाक,3,CVC
खाट,"['ख', 'ा', 'ट']",खाट,3,CVC
खात,"['ख', 'ा', 'त']",खात,3,CVC
खाद,"['ख', 'ा', 'द']",खाद,3,CVC
खाद्य,"['ख', 'ा', 'द', '्', 'य']",खाद्य,5,CVCC
खान,"['ख', 'ा', 'न']",खान,3,CVC
खाय,"['ख', 'ा', 'य']",खाय,3,CVC
खाल,"['ख', 'ा', 'ल']",खाल,3,CVC
खास,"['ख', 'ा', 'स']",खास,3,CVC
खिंच,"['ख', 'ि', 'च']",खिच,3,CVC
खिच,"['ख', 'ि', 'च']",खिच,3,CVC
खिन्न,"['ख', 'ि', 'न', '्', 'न']",खिन्न,5,CVCC
खिल,"['ख', 'ि', 'ल']",खिल,3,CVC
खिस,"['ख', 'ि', 'स']",खिस,3,CVC
खींच,"['ख', 'ी', 'च']",खीच,3,CVC
खीच,"['ख', 'ी', 'च']",खीच,3,CVC
खीज,"['ख', 'ी', 'ज']",खीज,3,CVC
खीझ,"['ख', 'ी', 'झ']",खीझ,3,CVC
खीर,"['ख', 'ी', 'र']",खीर,3,CVC
खुट,"['ख', 'ु', 'ट']",खुट,3,CVC
खुद,"['ख', 'ु', 'द']",खुद,3,CVC
खुर,"['ख', 'ु', 'र']",खुर,3,CVC
खुल,"['ख', 'ु', 'ल']",खुल,3,CVC
खुश,"['ख', 'ु', 'श']",खुश,3,CVC
खून,"['ख', 'ू', 'न']",खून,3,CVC
खूब,"['ख', 'ू', 'ब']",खूब,3,CVC
खेत,"['ख', 'े', 'त']",खेत,3,CVC
खेद,"['ख', 'े', 'द']",खेद,3,CVC
खेप,"['ख', 'े', 'प']",खेप,3,CVC
खेल,"['ख', 'े', 'ल']",खेल,3,CVC
खैर,"['ख', 'ै', 'र']",खैर,3,CVC
खो,"['ख', 'ो']",खो,2,CV
खोंस,"['ख', 'ो', 'स']",खोस,3,CVC
खोज,"['ख', 'ो', 'ज']",खोज,3,CVC
खोज़,"['ख', 'ो', 'ज', '़']",खोज़,4,CVC
खोद,"['ख', 'ो', 'द']",खोद,3,CVC
खोल,"['ख', 'ो', 'ल']",खोल,3,CVC
खोह,"['ख', 'ो', 'ह']",खोह,3,CVC
खौल,"['ख', 'ौ', 'ल']",खौल,3,CVC
ख्याल,"['ख', '्', 'य', 'ा', 'ल']",ख्याल,5,CCVC
गंध,"['ग', 'ध']",गध,2,CVC
गज,"['ग', 'ज']",गज,2,CVC
गट,"['ग', 'ट']",गट,2,CVC
गढ़,"['ग', 'ढ', '़']",गढ़,3,CVC
गण,"['ग', 'ण']",गण,2,CVC
गत,"['ग', 'त']",गत,2,CVC
गप्प,"['ग', 'प', '्', 'प']",गप्प,4,CVCC
गम,"['ग', 'म']",गम,2,CVC
गर,"['ग', 'र']",गर,2,CVC
गर्म,"['ग', 'र', '्', 'म']",गर्म,4,CVCC
गर्व,"['ग', 'र', '्', 'व']",गर्व,4,CVCC
गल,"['ग', 'ल']",गल,2,CVC
गह,"['ग', 'ह']",गह,2,CVC
गा,"['ग', 'ा']",गा,2,CV
गाँव,"['ग', 'ा', 'व']",गाव,3,CVC
गाड़,"['ग', 'ा', 'ड', '़']",गाड़,4,CVC
गात,"['ग', 'ा', 'त']",गात,3,CVC
गान,"['ग', 'ा', 'न']",गान,3,CVC
गाय,"['ग', 'ा', 'य']",गाय,3,CVC
गार,"['ग', 'ा', 'र']",गार,3,CVC
गाल,"['ग', 'ा', 'ल']",गाल,3,CVC
गिद्ध,"['ग', 'ि', 'द', '्', 'ध']",गिद्ध,5,CVCC
गिन,"['ग', 'ि', 'न']",गिन,3,CVC
गिर,"['ग', 'ि', 'र']",गिर,3,CVC
गिर्द,"['ग', 'ि', 'र', '्', 'द']",गिर्द,5,CVCC
गी,"['ग', 'ी']",गी,2,CV
गीत,"['ग', 'ी', 'त']",गीत,3,CVC
गुँध,"['ग', 'ु', 'ध']",गुध,3,CVC
गुंथ,"['ग', 'ु', 'थ']",गुथ,3,CVC
गुट,"['ग', 'ु', 'ट']",गुट,3,CVC
गुड,"['ग', 'ु', 'ड']",गुड,3,CVC
गुड़,"['ग', 'ु', 'ड', '़']",गुड़,4,CVC
गुण,"['ग', 'ु', 'ण']",गुण,3,CVC
गुथ,"['ग', 'ु', 'थ']",गुथ,3,CVC
गुन,"['ग', 'ु', 'न']",गुन,3,CVC
गुप्त,"['ग', 'ु', 'प', '्', 'त']",गुप्त,5,CVCC
गुम,"['ग', 'ु', 'म']",गुम,3,CVC
गुल,"['ग', 'ु', 'ल']",गुल,3,CVC
गुह,"['ग', 'ु', 'ह']",गुह,3,CVC
गूँध,"['ग', 'ू', 'ध']",गूध,3,CVC
गूं,"['ग', 'ू']",गू,2,CV
गूंज,"['ग', 'ू', 'ज']",गूज,3,CVC
गूंथ,"['ग', 'ू', 'थ']",गूथ,3,CVC
गूढ़,"['ग', 'ू', 'ढ', '़']",गूढ़,4,CVC
गेंद,"['ग', 'े', 'द']",गेद,3,CVC
गेट,"['ग', 'े', 'ट']",गेट,3,CVC
गेम,"['ग', 'े', 'म']",गेम,3,CVC
गैंद,"['ग', 'ै', 'द']",गैद,3,CVC
गैर,"['ग', 'ै', 'र']",गैर,3,CVC
गैस,"['ग', 'ै', 'स']",गैस,3,CVC
गॉट,"['ग', 'ॉ', 'ट']",गॉट,3,CVC
गॉड,"['ग', 'ॉ', 'ड']",गॉड,3,CVC
गोद,"['ग', 'ो', 'द']",गोद,3,CVC
गोल,"['ग', 'ो', 'ल']",गोल,3,CVC
गोश्त,"['ग', 'ो', 'श', '्', 'त']",गोश्त,5,CVCC
गौर,"['ग', 'ौ', 'र']",गौर,3,CVC
ग्यार,"['ग', '्', 'य', 'ा', 'र']",ग्यार,5,CCVC
ग्रंथ,"['ग', '्', 'र', 'थ']",ग्रथ,4,CCVC
ग्रह,"['ग', '्', 'र', 'ह']",ग्रह,4,CCVC
ग्राम,"['ग', '्', 'र', 'ा', 'म']",ग्राम,5,CCVC
ग्रीक,"['ग', '्', 'र', 'ी', 'क']",ग्रीक,5,CCVC
ग्रीष्म,"['ग', '्', 'र', 'ी', 'ष', '्', 'म']",ग्रीष्म,7,CCVCC
ग्वाल,"['ग', '्', 'व', 'ा', 'ल']",ग्वाल,5,CCVC
घट,"['घ', 'ट']",घट,2,CVC
घन,"['घ', 'न']",घन,2,CVC
घर,"['घ', 'र']",घर,2,CVC
घर्र,"['घ', 'र', '्', 'र']",घर्र,4,CVCC
घाट,"['घ', 'ा', 'ट']",घाट,3,CVC
घात,"['घ', 'ा', 'त']",घात,3,CVC
घाम,"['घ', 'ा', 'म']",घाम,3,CVC
घाव,"['घ', 'ा', 'व']",घाव,3,CVC
घास,"['घ', 'ा', 'स']",घास,3,CVC
घिर,"['घ', 'ि', 'र']",घिर,3,CVC
घिस,"['घ', 'ि', 'स']",घिस,3,CVC
घी,"['घ', 'ी']",घी,2,CV
घुट,"['घ', 'ु', 'ट']",घुट,3,CVC
घुप,"['घ', 'ु', 'प']",घुप,3,CVC
घुर्र,"['घ', 'ु', 'र', '्', 'र']",घुर्र,5,CVCC
घुल,"['घ', 'ु', 'ल']",घुल,3,CVC
घुस,"['घ', 'ु', 'स']",घुस,3,CVC
घूं,"['घ', 'ू']",घू,2,CV
घूंट,"['घ', 'ू', 'ट']",घूट,3,CVC
घूम,"['घ', 'ू', 'म']",घूम,3,CVC
घूर,"['घ', 'ू', 'र']",घूर,3,CVC
घेर,"['घ', 'े', 'र']",घेर,3,CVC
घोट,"['घ', 'ो', 'ट']",घोट,3,CVC
घोर,"['घ', 'ो', 'र']",घोर,3,CVC
घोल,"['घ', 'ो', 'ल']",घोल,3,CVC
घोष,"['घ', 'ो', 'ष']",घोष,3,CVC
चंग,"['च', 'ग']",चग,2,CVC
चंद,"['च', 'द']",चद,2,CVC
चंद्र,"['च', 'द', '्', 'र']",चद्र,4,CVCC
चक,"['च', 'क']",चक,2,CVC
चक्र,"['च', 'क', '्', 'र']",चक्र,4,CVCC
चख,"['च', 'ख']",चख,2,CVC
चट,"['च', 'ट']",चट,2,CVC
चट्ट,"['च', 'ट', '्', 'ट']",चट्ट,4,CVCC
चढ़़,"['च', 'ढ', '़', '़']",चढ़़,4,CVC
चन,"['च', 'न']",चन,2,CVC
चप,"['च', 'प']",चप,2,CVC
चम,"['च', 'म']",चम,2,CVC
चर,"['च', 'र']",चर,2,CVC
चर्र,"['च', 'र', '्', 'र']",चर्र,4,CVCC
चल,"['च', 'ल']",चल,2,CVC
चांद,"['च', 'ा', 'द']",चाद,3,CVC
चाक,"['च', 'ा', 'क']",चाक,3,CVC
चाट,"['च', 'ा', 'ट']",चाट,3,CVC
चान,"['च', 'ा', 'न']",चान,3,CVC
चाप,"['च', 'ा', 'प']",चाप,3,CVC
चाय,"['च', 'ा', 'य']",चाय,3,CVC
चार,"['च', 'ा', 'र']",चार,3,CVC
चाल,"['च', 'ा', 'ल']",चाल,3,CVC
चाव,"['च', 'ा', 'व']",चाव,3,CVC
चाह,"['च', 'ा', 'ह']",चाह,3,CVC
चिंग,"['च', 'ि', 'ग']",चिग,3,CVC
चिक,"['च', 'ि', 'क']",चिक,3,CVC
चिक्क,"['च', 'ि', 'क', '्', 'क']",चिक्क,5,CVCC
चिढ़,"['च', 'ि', 'ढ', '़']",चिढ़,4,CVC
चित,"['च', 'ि', 'त']",चित,3,CVC
चित्त,"['च', 'ि', 'त', '्', 'त']",चित्त,5,CVCC
चित्र,"['च', 'ि', 'त', '्', 'र']",चित्र,5,CVCC
चिन,"['च', 'ि', 'न']",चिन,3,CVC
ची,"['च', 'ी']",ची,2,CV
चीं,"['च', 'ी']",ची,2,CV
चीख,"['च', 'ी', 'ख']",चीख,3,CVC
चीख़,"['च', 'ी', 'ख', '़']",चीख़,4,CVC
चीज,"['च', 'ी', 'ज']",चीज,3,CVC
चीज़,"['च', 'ी', 'ज', '़']",चीज़,4,CVC
चीड़,"['च', 'ी', 'ड', '़']",चीड़,4,CVC
चीत,"['च', 'ी', 'त']",चीत,3,CVC
चीन,"['च', 'ी', 'न']",चीन,3,CVC
चीर,"['च', 'ी', 'र']",चीर,3,CVC
चील,"['च', 'ी', 'ल']",चील,3,CVC
चुक,"['च', 'ु', 'क']",चुक,3,CVC
चुग,"['च', 'ु', 'ग']",चुग,3,CVC
चुन,"['च', 'ु', 'न']",चुन,3,CVC
चुप,"['च', 'ु', 'प']",चुप,3,CVC
चुप्प,"['च', 'ु', 'प', '्', 'प']",चुप्प,5,CVCC
चुभ,"['च', 'ु', 'भ']",चुभ,3,CVC
चुस्त,"['च', 'ु', 'स', '्', 'त']",चुस्त,5,CVCC
चू,"['च', 'ू']",चू,2,CV
चूं,"['च', 'ू']",चू,2,CV
चूक,"['च', 'ू', 'क']",चूक,3,CVC
चूम,"['च', 'ू', 'म']",चूम,3,CVC
चूर,"['च', 'ू', 'र']",चूर,3,CVC
चूर्ण,"['च', 'ू', 'र', '्', 'ण']",चूर्ण,5,CVCC
चूस,"['च', 'ू', 'स']",चूस,3,CVC
चेत,"['च', 'े', 'त']",चेत,3,CVC
चैक,"['च', 'ै', 'क']",चैक,3,CVC
चैट,"['च', 'ै', 'ट']",चैट,3,CVC
चैत,"['च', 'ै', 'त']",चैत,3,CVC
चैन,"['च', 'ै', 'न']",चैन,3,CVC
चॉंद,"['च', 'ॉ', 'द']",चॉद,3,CVC
चॉक,"['च', 'ॉ', 'क']",चॉक,3,CVC
चोंच,"['च', 'ो', 'च']",चोच,3,CVC
चोट,"['च', 'ो', 'ट']",चोट,3,CVC
चोर,"['च', 'ो', 'र']",चोर,3,CVC
चौंक,"['च', 'ौ', 'क']",चौक,3,CVC
चौक,"['च', 'ौ', 'क']",चौक,3,CVC
च्न्टि,"['च', '्', 'न', '्', 'ट', 'ि']",च्न्टि,6,CCCV
छंद,"['छ', 'द']",छद,2,CVC
छक,"['छ', 'क']",छक,2,CVC
छट,"['छ', 'ट']",छट,2,CVC
छड़,"['छ', 'ड', '़']",छड़,3,CVC
छत,"['छ', 'त']",छत,2,CVC
छन,"['छ', 'न']",छन,2,CVC
छप,"['छ', 'प']",छप,2,CVC
छम,"['छ', 'म']",छम,2,CVC
छल,"['छ', 'ल']",छल,2,CVC
छा,"['छ', 'ा']",छा,2,CV
छाँह,"['छ', 'ा', 'ह']",छाह,3,CVC
छांव,"['छ', 'ा', 'व']",छाव,3,CVC
छाछ,"['छ', 'ा', 'छ']",छाछ,3,CVC
छात्र,"['छ', 'ा', 'त', '्', 'र']",छात्र,5,CVCC
छान,"['छ', 'ा', 'न']",छान,3,CVC
छाप,"['छ', 'ा', 'प']",छाप,3,CVC
छाल,"['छ', 'ा', 'ल']",छाल,3,CVC
छिः,"['छ', 'ि', 'ः']",छिः,3,CVV
छिड़,"['छ', 'ि', 'ड', '़']",छिड़,4,CVC
छिन,"['छ', 'ि', 'न']",छिन,3,CVC
छिप,"['छ', 'ि', 'प']",छिप,3,CVC
छिल,"['छ', 'ि', 'ल']",छिल,3,CVC
छीं,"['छ', 'ी']",छी,2,CV
छींक,"['छ', 'ी', 'क']",छीक,3,CVC
छीन,"['छ', 'ी', 'न']",छीन,3,CVC
छील,"['छ', 'ी', 'ल']",छील,3,CVC
छुक,"['छ', 'ु', 'क']",छुक,3,CVC
छुट,"['छ', 'ु', 'ट']",छुट,3,CVC
छुप,"['छ', 'ु', 'प']",छुप,3,CVC
छू,"['छ', 'ू']",छू,2,CV
छूट,"['छ', 'ू', 'ट']",छूट,3,CVC
छे,"['छ', 'े']",छे,2,CV
छेड़,"['छ', 'े', 'ड', '़']",छेड़,4,CVC
छेद,"['छ', 'े', 'द']",छेद,3,CVC
छो,"['छ', 'ो']",छो,2,CV
छोड,"['छ', 'ो', 'ड']",छोड,3,CVC
छोड़,"['छ', 'ो', 'ड', '़']",छोड़,4,CVC
छोर,"['छ', 'ो', 'र']",छोर,3,CVC
छोह,"['छ', 'ो', 'ह']",छोह,3,CVC
छौंक,"['छ', 'ौ', 'क']",छौक,3,CVC
जंग,"['ज', 'ग']",जग,2,CVC
जंच,"['ज', 'च']",जच,2,CVC
जंप,"['ज', 'प']",जप,2,CVC
जग,"['ज', 'ग']",जग,2,CVC
जज,"['ज', 'ज']",जज,2,CVC
जड़,"['ज', 'ड', '़']",जड़,3,CVC
जन,"['ज', 'न']",जन,2,CVC
जन्म,"['ज', 'न', '्', 'म']",जन्म,4,CVCC
जप,"['ज', 'प']",जप,2,CVC
जब,"['ज', 'ब']",जब,2,CVC
जम,"['ज', 'म']",जम,2,CVC
जय,"['ज', 'य']",जय,2,CVC
जल,"['ज', 'ल']",जल,2,CVC
जल्द,"['ज', 'ल', '्', 'द']",जल्द,4,CVCC
जश्न,"['ज', 'श', '्', 'न']",जश्न,4,CVCC
ज़ंग,"['ज', '़', 'ग']",ज़ग,3,CVC
ज़िद,"['ज', '़', 'ि', 'द']",ज़िद,4,CVC
ज़िप,"['ज', '़', 'ि', 'प']",ज़िप,4,CVC
ज़ू,"['ज', '़', 'ू']",ज़ू,3,CV
ज़ोन,"['ज', '़', 'ो', 'न']",ज़ोन,4,CVC
ज़ोर,"['ज', '़', 'ो', 'र']",ज़ोर,4,CVC
जा,"['ज', 'ा']",जा,2,CV
जांघ,"['ज', 'ा', 'घ']",जाघ,3,CVC
जांच,"['ज', 'ा', 'च']",जाच,3,CVC
जांप,"['ज', 'ा', 'प']",जाप,3,CVC
जाक,"['ज', 'ा', 'क']",जाक,3,CVC
जाग,"['ज', 'ा', 'ग']",जाग,3,CVC
जात,"['ज', 'ा', 'त']",जात,3,CVC
जाद,"['ज', 'ा', 'द']",जाद,3,CVC
जान,"['ज', 'ा', 'न']",जान,3,CVC
जाम,"['ज', 'ा', 'म']",जाम,3,CVC
जार,"['ज', 'ा', 'र']",जार,3,CVC
जाल,"['ज', 'ा', 'ल']",जाल,3,CVC
जिंग,"['ज', 'ि', 'ग']",जिग,3,CVC
जिद,"['ज', 'ि', 'द']",जिद,3,CVC
जिन,"['ज', 'ि', 'न']",जिन,3,CVC
जिल्द,"['ज', 'ि', 'ल', '्', 'द']",जिल्द,5,CVCC
जिस्म,"['ज', 'ि', 'स', '्', 'म']",जिस्म,5,CVCC
जी,"['ज', 'ी']",जी,2,CV
जीत,"['ज', 'ी', 'त']",जीत,3,CVC
जीभ,"['ज', 'ी', 'भ']",जीभ,3,CVC
जीव,"['ज', 'ी', 'व']",जीव,3,CVC
जुट,"['ज', 'ु', 'ट']",जुट,3,CVC
जुड़,"['ज', 'ु', 'ड', '़']",जुड़,4,CVC
जुर्म,"['ज', 'ु', 'र', '्', 'म']",जुर्म,5,CVCC
जुल,"['ज', 'ु', 'ल']",जुल,3,CVC
जूँ,"['ज', 'ू']",जू,2,CV
जूट,"['ज', 'ू', 'ट']",जूट,3,CVC
जूड,"['ज', 'ू', 'ड']",जूड,3,CVC
जून,"['ज', 'ू', 'न']",जून,3,CVC
जूस,"['ज', 'ू', 'स']",जूस,3,CVC
जेठ,"['ज', 'े', 'ठ']",जेठ,3,CVC
जेन,"['ज', 'े', 'न']",जेन,3,CVC
जेब,"['ज', 'े', 'ब']",जेब,3,CVC
जेल,"['ज', 'े', 'ल']",जेल,3,CVC
जैंग,"['ज', 'ै', 'ग']",जैग,3,CVC
जैक,"['ज', 'ै', 'क']",जैक,3,CVC
जैव,"['ज', 'ै', 'व']",जैव,3,CVC
जॉन,"['ज', 'ॉ', 'न']",जॉन,3,CVC
जो,"['ज', 'ो']",जो,2,CV
जोंग,"['ज', 'ो', 'ग']",जोग,3,CVC
जोग,"['ज', 'ो', 'ग']",जोग,3,CVC
जोड़,"['ज', 'ो', 'ड', '़']",जोड़,4,CVC
जोत,"['ज', 'ो', 'त']",जोत,3,CVC
जोर,"['ज', 'ो', 'र']",जोर,3,CVC
जोल,"['ज', 'ो', 'ल']",जोल,3,CVC
जोश,"['ज', 'ो', 'श']",जोश,3,CVC
जोह,"['ज', 'ो', 'ह']",जोह,3,CVC
जौ,"['ज', 'ौ']",जौ,2,CV
ज्ञात,"['ज', '्', 'ञ', 'ा', 'त']",ज्ञात,5,CCVC
ज्ञान,"['ज', '्', 'ञ', 'ा', 'न']",ज्ञान,5,CCVC
ज्ञोर,"['ज', '्', 'ञ', 'ो', 'र']",ज्ञोर,5,CCVC
ज्यों,"['ज', '्', 'य', 'ो']",ज्यो,4,CCV
ज्वर,"['ज', '्', 'व', 'र']",ज्वर,4,CCVC
झंग,"['झ', 'ग']",झग,2,CVC
झक,"['झ', 'क']",झक,2,CVC
झट,"['झ', 'ट']",झट,2,CVC
झड़,"['झ', 'ड', '़']",झड़,3,CVC
झप,"['झ', 'प']",झप,2,CVC
झम,"['झ', 'म']",झम,2,CVC
झर,"['झ', 'र']",झर,2,CVC
झर्र,"['झ', 'र', '्', 'र']",झर्र,4,CVCC
झल,"['झ', 'ल']",झल,2,CVC
झांक,"['झ', 'ा', 'क']",झाक,3,CVC
झांझ,"['झ', 'ा', 'झ']",झाझ,3,CVC
झाग,"['झ', 'ा', 'ग']",झाग,3,CVC
झाड,"['झ', 'ा', 'ड']",झाड,3,CVC
झाड़,"['झ', 'ा', 'ड', '़']",झाड़,4,CVC
झील,"['झ', 'ी', 'ल']",झील,3,CVC
झुंड,"['झ', 'ु', 'ड']",झुड,3,CVC
झुक,"['झ', 'ु', 'क']",झुक,3,CVC
झूठ,"['झ', 'ू', 'ठ']",झूठ,3,CVC
झूम,"['झ', 'ू', 'म']",झूम,3,CVC
झूल,"['झ', 'ू', 'ल']",झूल,3,CVC
झेल,"['झ', 'े', 'ल']",झेल,3,CVC
झोंक,"['झ', 'ो', 'क']",झोक,3,CVC
झोल,"['झ', 'ो', 'ल']",झोल,3,CVC
टंग,"['ट', 'ग']",टग,2,CVC
टक,"['ट', 'क']",टक,2,CVC
टन,"['ट', 'न']",टन,2,CVC
टन्न,"['ट', 'न', '्', 'न']",टन्न,4,CVCC
टप,"['ट', 'प']",टप,2,CVC
टब,"['ट', 'ब']",टब,2,CVC
टर,"['ट', 'र']",टर,2,CVC
टर्र,"['ट', 'र', '्', 'र']",टर्र,4,CVCC
टल,"['ट', 'ल']",टल,2,CVC
टस,"['ट', 'स']",टस,2,CVC
टांक,"['ट', 'ा', 'क']",टाक,3,CVC
टांग,"['ट', 'ा', 'ग']",टाग,3,CVC
टांड,"['ट', 'ा', 'ड']",टाड,3,CVC
टांय,"['ट', 'ा', 'य']",टाय,3,CVC
टाग,"['ट', 'ा', 'ग']",टाग,3,CVC
टाल,"['ट', 'ा', 'ल']",टाल,3,CVC
टिक,"['ट', 'ि', 'क']",टिक,3,CVC
टिप,"['ट', 'ि', 'प']",टिप,3,CVC
टी,"['ट', 'ी']",टी,2,CV
टीन,"['ट', 'ी', 'न']",टीन,3,CVC
टीप,"['ट', 'ी', 'प']",टीप,3,CVC
टीम,"['ट', 'ी', 'म']",टीम,3,CVC
टुन,"['ट', 'ु', 'न']",टुन,3,CVC
टू,"['ट', 'ू']",टू,2,CV
टूट,"['ट', 'ू', 'ट']",टूट,3,CVC
टूथ,"['ट', 'ू', 'थ']",टूथ,3,CVC
टेक,"['ट', 'े', 'क']",टेक,3,CVC
टेप,"['ट', 'े', 'प']",टेप,3,CVC
टेल,"['ट', 'े', 'ल']",टेल,3,CVC
टैंक,"['ट', 'ै', 'क']",टैक,3,CVC
टॉर्च,"['ट', 'ॉ', 'र', '्', 'च']",टॉर्च,5,CVCC
टॉल,"['ट', 'ॉ', 'ल']",टॉल,3,CVC
टोक,"['ट', 'ो', 'क']",टोक,3,CVC
टोड,"['ट', 'ो', 'ड']",टोड,3,CVC
टोप,"['ट', 'ो', 'प']",टोप,3,CVC
ट्रंक,"['ट', '्', 'र', 'क']",ट्रक,4,CCVC
ट्रक,"['ट', '्', 'र', 'क']",ट्रक,4,CCVC
ट्री,"['ट', '्', 'र', 'ी']",ट्री,4,CCV
ट्रे,"['ट', '्', 'र', 'े']",ट्रे,4,CCV
ट्रेन,"['ट', '्', 'र', 'े', 'न']",ट्रेन,5,CCVC
ठंड,"['ठ', 'ड']",ठड,2,CVC
ठक,"['ठ', 'क']",ठक,2,CVC
ठग,"['ठ', 'ग']",ठग,2,CVC
ठन,"['ठ', 'न']",ठन,2,CVC
ठन्न,"['ठ', 'न', '्', 'न']",ठन्न,4,CVCC
ठप,"['ठ', 'प']",ठप,2,CVC
ठाक,"['ठ', 'ा', 'क']",ठाक,3,CVC
ठाट,"['ठ', 'ा', 'ट']",ठाट,3,CVC
ठाठ,"['ठ', 'ा', 'ठ']",ठाठ,3,CVC
ठाड़,"['ठ', 'ा', 'ड', '़']",ठाड़,4,CVC
ठान,"['ठ', 'ा', 'न']",ठान,3,CVC
ठिक,"['ठ', 'ि', 'क']",ठिक,3,CVC
ठीक,"['ठ', 'ी', 'क']",ठीक,3,CVC
ठूँस,"['ठ', 'ू', 'स']",ठूस,3,CVC
ठूंठ,"['ठ', 'ू', 'ठ']",ठूठ,3,CVC
ठेल,"['ठ', 'े', 'ल']",ठेल,3,CVC
ठेस,"['ठ', 'े', 'स']",ठेस,3,CVC
ठोंक,"['ठ', 'ो', 'क']",ठोक,3,CVC
ठोक,"['ठ', 'ो', 'क']",ठोक,3,CVC
ठोस,"['ठ', 'ो', 'स']",ठोस,3,CVC
ठौक,"['ठ', 'ौ', 'क']",ठौक,3,CVC
डंग,"['ड', 'ग']",डग,2,CVC
डग,"['ड', 'ग']",डग,2,CVC
डट,"['ड', 'ट']",डट,2,CVC
डफ,"['ड', 'फ']",डफ,2,CVC
डम,"['ड', 'म']",डम,2,CVC
डर,"['ड', 'र']",डर,2,CVC
डरन,"['ड', 'र', 'न']",डरन,3,CVCVC
डस,"['ड', 'स']",डस,2,CVC
डांक,"['ड', 'ा', 'क']",डाक,3,CVC
डांग,"['ड', 'ा', 'ग']",डाग,3,CVC
डांट,"['ड', 'ा', 'ट']",डाट,3,CVC
डांठ,"['ड', 'ा', 'ठ']",डाठ,3,CVC
डाक,"['ड', 'ा', 'क']",डाक,3,CVC
डार,"['ड', 'ा', 'र']",डार,3,CVC
डाल,"['ड', 'ा', 'ल']",डाल,3,CVC
डिग,"['ड', 'ि', 'ग']",डिग,3,CVC
डी,"['ड', 'ी']",डी,2,CV
डुप,"['ड', 'ु', 'प']",डुप,3,CVC
डुल,"['ड', 'ु', 'ल']",डुल,3,CVC
डूब,"['ड', 'ू', 'ब']",डूब,3,CVC
डेढ़,"['ड', 'े', 'ढ', '़']",डेढ़,4,CVC
डेथ,"['ड', 'े', 'थ']",डेथ,3,CVC
डेश,"['ड', 'े', 'श']",डेश,3,CVC
डैग,"['ड', 'ै', 'ग']",डैग,3,CVC
डॉ,"['ड', 'ॉ']",डॉ,2,CV
डोन,"['ड', 'ो', 'न']",डोन,3,CVC
डोर,"['ड', 'ो', 'र']",डोर,3,CVC
डोल,"['ड', 'ो', 'ल']",डोल,3,CVC
ड्रम,"['ड', '्', 'र', 'म']",ड्रम,4,CCVC
ड्रेस,"['ड', '्', 'र', 'े', 'स']",ड्रेस,5,CCVC
ढंक,"['ढ', 'क']",ढक,2,CVC
ढंग,"['ढ', 'ग']",ढग,2,CVC
ढक,"['ढ', 'क']",ढक,2,CVC
ढन्न,"['ढ', 'न', '्', 'न']",ढन्न,4,CVCC
ढप,"['ढ', 'प']",ढप,2,CVC
ढब,"['ढ', 'ब']",ढब,2,CVC
ढल,"['ढ', 'ल']",ढल,2,CVC
ढ़क,"['ढ', '़', 'क']",ढ़क,3,CVC
ढ़ूंढ,"['ढ', '़', 'ू', 'ढ']",ढ़ूढ,4,CVC
ढ़ेर,"['ढ', '़', 'े', 'र']",ढ़ेर,4,CVC
ढा,"['ढ', 'ा']",ढा,2,CV
ढाक,"['ढ', 'ा', 'क']",ढाक,3,CVC
ढाल,"['ढ', 'ा', 'ल']",ढाल,3,CVC
ढील,"['ढ', 'ी', 'ल']",ढील,3,CVC
ढूंढ,"['ढ', 'ू', 'ढ']",ढूढ,3,CVC
ढूंढ़,"['ढ', 'ू', 'ढ', '़']",ढूढ़,4,CVC
ढेर,"['ढ', 'े', 'र']",ढेर,3,CVC
ढो,"['ढ', 'ो']",ढो,2,CV
ढोर,"['ढ', 'ो', 'र']",ढोर,3,CVC
ढोल,"['ढ', 'ो', 'ल']",ढोल,3,CVC
त,['त'],त,1,CV
तंग,"['त', 'ग']",तग,2,CVC
तट,"['त', 'ट']",तट,2,CVC
तत्त्व,"['त', 'त', '्', 'त', '्', 'व']",तत्त्व,6,CVCCC
तन,"['त', 'न']",तन,2,CVC
तप,"['त', 'प']",तप,2,CVC
तब,"['त', 'ब']",तब,2,CVC
तय,"['त', 'य']",तय,2,CVC
तर,"['त', 'र']",तर,2,CVC
तर्क,"['त', 'र', '्', 'क']",तर्क,4,CVCC
तल,"['त', 'ल']",तल,2,CVC
तह,"['त', 'ह']",तह,2,CVC
ता,"['त', 'ा']",ता,2,CV
ताक,"['त', 'ा', 'क']",ताक,3,CVC
ताक़,"['त', 'ा', 'क', '़']",ताक़,4,CVC
ताज,"['त', 'ा', 'ज']",ताज,3,CVC
ताड़,"['त', 'ा', 'ड', '़']",ताड़,4,CVC
तात,"['त', 'ा', 'त']",तात,3,CVC
तान,"['त', 'ा', 'न']",तान,3,CVC
ताप,"['त', 'ा', 'प']",ताप,3,CVC
तार,"['त', 'ा', 'र']",तार,3,CVC
ताल,"['त', 'ा', 'ल']",ताल,3,CVC
ताव,"['त', 'ा', 'व']",ताव,3,CVC
तिन,"['त', 'ि', 'न']",तिन,3,CVC
तिय,"['त', 'ि', 'य']",तिय,3,CVC
तिल,"['त', 'ि', 'ल']",तिल,3,CVC
तिस,"['त', 'ि', 'स']",तिस,3,CVC
तीज,"['त', 'ी', 'ज']",तीज,3,CVC
तीत्र,"['त', 'ी', 'त', '्', 'र']",तीत्र,5,CVCC
तीन,"['त', 'ी', 'न']",तीन,3,CVC
तीर,"['त', 'ी', 'र']",तीर,3,CVC
तुक,"['त', 'ु', 'क']",तुक,3,CVC
तुप,"['त', 'ु', 'प']",तुप,3,CVC
तुम,"['त', 'ु', 'म']",तुम,3,CVC
तुल,"['त', 'ु', 'ल']",तुल,3,CVC
तू,"['त', 'ू']",तू,2,CV
तें,"['त', 'े']",ते,2,CV
तेज,"['त', 'े', 'ज']",तेज,3,CVC
तेज़,"['त', 'े', 'ज', '़']",तेज़,4,CVC
तेत,"['त', 'े', 'त']",तेत,3,CVC
ते़ज,"['त', 'े', '़', 'ज']",ते़ज,4,CVVC
तैर,"['त', 'ै', 'र']",तैर,3,CVC
तैश,"['त', 'ै', 'श']",तैश,3,CVC
तो,"['त', 'ो']",तो,2,CV
तोंद,"['त', 'ो', 'द']",तोद,3,CVC
तोड,"['त', 'ो', 'ड']",तोड,3,CVC
तोड़,"['त', 'ो', 'ड', '़']",तोड़,4,CVC
तोर,"['त', 'ो', 'र']",तोर,3,CVC
तोल,"['त', 'ो', 'ल']",तोल,3,CVC
तौर,"['त', 'ौ', 'र']",तौर,3,CVC
तौल,"['त', 'ौ', 'ल']",तौल,3,CVC
त्याग,"['त', '्', 'य', 'ा', 'ग']",त्याग,5,CCVC
त्यों,"['त', '्', 'य', 'ो']",त्यो,4,CCV
त्री,"['त', '्', 'र', 'ी']",त्री,4,CCV
थ,['थ'],थ,1,CV
थक,"['थ', 'क']",थक,2,CVC
थन,"['थ', 'न']",थन,2,CVC
थप,"['थ', 'प']",थप,2,CVC
थप्प,"['थ', 'प', '्', 'प']",थप्प,4,CVCC
थम,"['थ', 'म']",थम,2,CVC
थर,"['थ', 'र']",थर,2,CVC
था,"['थ', 'ा']",था,2,CV
थान,"['थ', 'ा', 'न']",थान,3,CVC
थाप,"['थ', 'ा', 'प']",थाप,3,CVC
थाब,"['थ', 'ा', 'ब']",थाब,3,CVC
थाम,"['थ', 'ा', 'म']",थाम,3,CVC
थाल,"['थ', 'ा', 'ल']",थाल,3,CVC
थि,"['थ', 'ि']",थि,2,CV
थी,"['थ', 'ी']",थी,2,CV
थीं,"['थ', 'ी']",थी,2,CV
थीन,"['थ', 'ी', 'न']",थीन,3,CVC
थु,"['थ', 'ु']",थु,2,CV
थू,"['थ', 'ू']",थू,2,CV
थूक,"['थ', 'ू', 'क']",थूक,3,CVC
थो,"['थ', 'ो']",थो,2,CV
थोड़,"['थ', 'ो', 'ड', '़']",थोड़,4,CVC
थ्रश,"['थ', '्', 'र', 'श']",थ्रश,4,CCVC
द,['द'],द,1,CV
दंग,"['द', 'ग']",दग,2,CVC
दंड,"['द', 'ड']",दड,2,CVC
दक्ष,"['द', 'क', '्', 'ष']",दक्ष,4,CVCC
दग्ध,"['द', 'ग', '्', 'ध']",दग्ध,4,CVCC
दब,"['द', 'ब']",दब,2,CVC
दम,"['द', 'म']",दम,2,CVC
दर,"['द', 'र']",दर,2,CVC
दर्द,"['द', 'र', '्', 'द']",दर्द,4,CVCC
दर्प,"['द', 'र', '्', 'प']",दर्प,4,CVCC
दल,"['द', 'ल']",दल,2,CVC
दस,"['द', 'स']",दस,2,CVC
दस्त,"['द', 'स', '्', 'त']",दस्त,4,CVCC
दह,"['द', 'ह']",दह,2,CVC
दाँव,"['द', 'ा', 'व']",दाव,3,CVC
दांत,"['द', 'ा', 'त']",दात,3,CVC
दाग,"['द', 'ा', 'ग']",दाग,3,CVC
दाढ़,"['द', 'ा', 'ढ', '़']",दाढ़,4,CVC
दाद,"['द', 'ा', 'द']",दाद,3,CVC
दान,"['द', 'ा', 'न']",दान,3,CVC
दाम,"['द', 'ा', 'म']",दाम,3,CVC
दार,"['द', 'ा', 'र']",दार,3,CVC
दाल,"['द', 'ा', 'ल']",दाल,3,CVC
दास,"['द', 'ा', 'स']",दास,3,CVC
दाह,"['द', 'ा', 'ह']",दाह,3,CVC
दि,"['द', 'ि']",दि,2,CV
दिख,"['द', 'ि', 'ख']",दिख,3,CVC
दिन,"['द', 'ि', 'न']",दिन,3,CVC
दिय,"['द', 'ि', 'य']",दिय,3,CVC
दिल,"['द', 'ि', 'ल']",दिल,3,CVC
दी,"['द', 'ी']",दी,2,CV
दीन,"['द', 'ी', 'न']",दीन,3,CVC
दीप,"['द', 'ी', 'प']",दीप,3,CVC
दुःख,"['द', 'ु', 'ः', 'ख']",दुःख,4,CVVC
दुख,"['द', 'ु', 'ख']",दुख,3,CVC
दुम,"['द', 'ु', 'म']",दुम,3,CVC
दुर्ग,"['द', 'ु', 'र', '्', 'ग']",दुर्ग,5,CVCC
दुष्ट,"['द', 'ु', 'ष', '्', 'ट']",दुष्ट,5,CVCC
दुह,"['द', 'ु', 'ह']",दुह,3,CVC
दूं,"['द', 'ू']",दू,2,CV
दूट,"['द', 'ू', 'ट']",दूट,3,CVC
दूत,"['द', 'ू', 'त']",दूत,3,CVC
दूध,"['द', 'ू', 'ध']",दूध,3,CVC
दूध्,"['द', 'ू', 'ध', '्']",दूध्,4,CVC
दूध्न,"['द', 'ू', 'ध', '्', 'न']",दूध्न,5,CVCC
दूब,"['द', 'ू', 'ब']",दूब,3,CVC
दूर,"['द', 'ू', 'र']",दूर,3,CVC
दे,"['द', 'े']",दे,2,CV
दें,"['द', 'े']",दे,2,CV
देख,"['द', 'े', 'ख']",देख,3,CVC
देन,"['द', 'े', 'न']",देन,3,CVC
देर,"['द', 'े', 'र']",देर,3,CVC
देव,"['द', 'े', 'व']",देव,3,CVC
देश,"['द', 'े', 'श']",देश,3,CVC
देष,"['द', 'े', 'ष']",देष,3,CVC
देह,"['द', 'े', 'ह']",देह,3,CVC
दैत्य,"['द', 'ै', 'त', '्', 'य']",दैत्य,5,CVCC
दो,"['द', 'ो']",दो,2,CV
दोष,"['द', 'ो', 'ष']",दोष,3,CVC
दौड़,"['द', 'ौ', 'ड', '़']",दौड़,4,CVC
दौर,"['द', 'ौ', 'र']",दौर,3,CVC
द्रव,"['द', '्', 'र', 'व']",द्रव,4,CCVC
द्रव्य,"['द', '्', 'र', 'व', '्', 'य']",द्रव्य,6,CCVCC
द्वार,"['द', '्', 'व', 'ा', 'र']",द्वार,5,CCVC
द्वीप,"['द', '्', 'व', 'ी', 'प']",द्वीप,5,CCVC
धँस,"['ध', 'स']",धस,2,CVC
धक,"['ध', 'क']",धक,2,CVC
धड़,"['ध', 'ड', '़']",धड़,3,CVC
धत,"['ध', 'त']",धत,2,CVC
धत्,"['ध', 'त', '्']",धत्,3,CVC
धत्त,"['ध', 'त', '्', 'त']",धत्त,4,CVCC
धन,"['ध', 'न']",धन,2,CVC
धप,"['ध', 'प']",धप,2,CVC
धप्प,"['ध', 'प', '्', 'प']",धप्प,4,CVCC
धम,"['ध', 'म']",धम,2,CVC
धर,"['ध', 'र']",धर,2,CVC
धर्म,"['ध', 'र', '्', 'म']",धर्म,4,CVCC
धर्र,"['ध', 'र', '्', 'र']",धर्र,4,CVCC
धा,"['ध', 'ा']",धा,2,CV
धाक,"['ध', 'ा', 'क']",धाक,3,CVC
धान,"['ध', 'ा', 'न']",धान,3,CVC
धाम,"['ध', 'ा', 'म']",धाम,3,CVC
धार,"['ध', 'ा', 'र']",धार,3,CVC
धिन,"['ध', 'ि', 'न']",धिन,3,CVC
धीर,"['ध', 'ी', 'र']",धीर,3,CVC
धुंध,"['ध', 'ु', 'ध']",धुध,3,CVC
धुन,"['ध', 'ु', 'न']",धुन,3,CVC
धुल,"['ध', 'ु', 'ल']",धुल,3,CVC
धूप,"['ध', 'ू', 'प']",धूप,3,CVC
धूम,"['ध', 'ू', 'म']",धूम,3,CVC
धूर्त,"['ध', 'ू', 'र', '्', 'त']",धूर्त,5,CVCC
धूल,"['ध', 'ू', 'ल']",धूल,3,CVC
धैंस,"['ध', 'ै', 'स']",धैस,3,CVC
धैम,"['ध', 'ै', 'म']",धैम,3,CVC
धो,"['ध', 'ो']",धो,2,CV
धौंस,"['ध', 'ौ', 'स']",धौस,3,CVC
ध्या,"['ध', '्', 'य', 'ा']",ध्या,4,CCV
ध्रुव,"['ध', '्', 'र', 'ु', 'व']",ध्रुव,5,CCVC
ध्वज,"['ध', '्', 'व', 'ज']",ध्वज,4,CCVC
ध्वस्त,"['ध', '्', 'व', 'स', '्', 'त']",ध्वस्त,6,CCVCC
न,['न'],न,1,CV
नंग,"['न', 'ग']",नग,2,CVC
नक्ल,"['न', 'क', '्', 'ल']",नक्ल,4,CVCC
नगद,"['न', 'ग', 'द']",नगद,3,CVCVC
नट,"['न', 'ट']",नट,2,CVC
नथ,"['न', 'थ']",नथ,2,CVC
नभ,"['न', 'भ']",नभ,2,CVC
नम्र,"['न', 'म', '्', 'र']",नम्र,4,CVCC
नर,"['न', 'र']",नर,2,CVC
नर्म,"['न', 'र', '्', 'म']",नर्म,4,CVCC
नल,"['न', 'ल']",नल,2,CVC
नव,"['न', 'व']",नव,2,CVC
नष्ट,"['न', 'ष', '्', 'ट']",नष्ट,4,CVCC
नस,"['न', 'स']",नस,2,CVC
ना,"['न', 'ा']",ना,2,CV
नांद,"['न', 'ा', 'द']",नाद,3,CVC
नाक,"['न', 'ा', 'क']",नाक,3,CVC
नाच,"['न', 'ा', 'च']",नाच,3,CVC
नाज़,"['न', 'ा', 'ज', '़']",नाज़,4,CVC
नाथ,"['न', 'ा', 'थ']",नाथ,3,CVC
नाद,"['न', 'ा', 'द']",नाद,3,CVC
नान,"['न', 'ा', 'न']",नान,3,CVC
नाप,"['न', 'ा', 'प']",नाप,3,CVC
नाम,"['न', 'ा', 'म']",नाम,3,CVC
नाव,"['न', 'ा', 'व']",नाव,3,CVC
नाश,"['न', 'ा', 'श']",नाश,3,CVC
नाह,"['न', 'ा', 'ह']",नाह,3,CVC
नित,"['न', 'ि', 'त']",नित,3,CVC
नित्य,"['न', 'ि', 'त', '्', 'य']",नित्य,5,CVCC
नींद,"['न', 'ी', 'द']",नीद,3,CVC
नीक,"['न', 'ी', 'क']",नीक,3,CVC
नीच,"['न', 'ी', 'च']",नीच,3,CVC
नीम,"['न', 'ी', 'म']",नीम,3,CVC
नीर,"['न', 'ी', 'र']",नीर,3,CVC
नील,"['न', 'ी', 'ल']",नील,3,CVC
नूर,"['न', 'ू', 'र']",नूर,3,CVC
नृत्य,"['न', 'ृ', 'त', '्', 'य']",नृत्य,5,CVCC
ने,"['न', 'े']",ने,2,CV
नेक,"['न', 'े', 'क']",नेक,3,CVC
नेह,"['न', 'े', 'ह']",नेह,3,CVC
नो,"['न', 'ो']",नो,2,CV
नोंक,"['न', 'ो', 'क']",नोक,3,CVC
नोक,"['न', 'ो', 'क']",नोक,3,CVC
नोच,"['न', 'ो', 'च']",नोच,3,CVC
नोट,"['न', 'ो', 'ट']",नोट,3,CVC
नौश,"['न', 'ौ', 'श']",नौश,3,CVC
न्यौत,"['न', '्', 'य', 'ौ', 'त']",न्यौत,5,CCVC
पंख,"['प', 'ख']",पख,2,CVC
पंग,"['प', 'ग']",पग,2,CVC
पंच,"['प', 'च']",पच,2,CVC
पंथ,"['प', 'थ']",पथ,2,CVC
पंप,"['प', 'प']",पप,2,CVC
पक,"['प', 'क']",पक,2,CVC
पक्ष,"['प', 'क', '्', 'ष']",पक्ष,4,CVCC
पग,"['प', 'ग']",पग,2,CVC
पच,"['प', 'च']",पच,2,CVC
पट,"['प', 'ट']",पट,2,CVC
पड,"['प', 'ड']",पड,2,CVC
पड़,"['प', 'ड', '़']",पड़,3,CVC
पढ़,"['प', 'ढ', '़']",पढ़,3,CVC
पण,"['प', 'ण']",पण,2,CVC
पथ,"['प', 'थ']",पथ,2,CVC
पद,"['प', 'द']",पद,2,CVC
पफ्फ,"['प', 'फ', '्', 'फ']",पफ्फ,4,CVCC
पय,"['प', 'य']",पय,2,CVC
पर,"['प', 'र']",पर,2,CVC
परे,"['प', 'र', 'े']",परे,3,CVCV
पर्त,"['प', 'र', '्', 'त']",पर्त,4,CVCC
पर्व,"['प', 'र', '्', 'व']",पर्व,4,CVCC
पल,"['प', 'ल']",पल,2,CVC
पा,"['प', 'ा']",पा,2,CV
पाँव,"['प', 'ा', 'व']",पाव,3,CVC
पां,"['प', 'ा']",पा,2,CV
पांच,"['प', 'ा', 'च']",पाच,3,CVC
पांज,"['प', 'ा', 'ज']",पाज,3,CVC
पाक,"['प', 'ा', 'क']",पाक,3,CVC
पाट,"['प', 'ा', 'ट']",पाट,3,CVC
पाठ,"['प', 'ा', 'ठ']",पाठ,3,CVC
पात,"['प', 'ा', 'त']",पात,3,CVC
पात्र,"['प', 'ा', 'त', '्', 'र']",पात्र,5,CVCC
पान,"['प', 'ा', 'न']",पान,3,CVC
पायं,"['प', 'ा', 'य']",पाय,3,CVC
पार,"['प', 'ा', 'र']",पार,3,CVC
पार्क,"['प', 'ा', 'र', '्', 'क']",पार्क,5,CVCC
पार्ट,"['प', 'ा', 'र', '्', 'ट']",पार्ट,5,CVCC
पार्थ,"['प', 'ा', 'र', '्', 'थ']",पार्थ,5,CVCC
पाल,"['प', 'ा', 'ल']",पाल,3,CVC
पाव,"['प', 'ा', 'व']",पाव,3,CVC
पास,"['प', 'ा', 'स']",पास,3,CVC
पिच,"['प', 'ि', 'च']",पिच,3,CVC
पिट,"['प', 'ि', 'ट']",पिट,3,CVC
पिट्ट,"['प', 'ि', 'ट', '्', 'ट']",पिट्ट,5,CVCC
पिन,"['प', 'ि', 'न']",पिन,3,CVC
पिय,"['प', 'ि', 'य']",पिय,3,CVC
पिर,"['प', 'ि', 'र']",पिर,3,CVC
पिस,"['प', 'ि', 'स']",पिस,3,CVC
पी,"['प', 'ी']",पी,2,CV
पीट,"['प', 'ी', 'ट']",पीट,3,CVC
पीठ,"['प', 'ी', 'ठ']",पीठ,3,CVC
पीत,"['प', 'ी', 'त']",पीत,3,CVC
पीप,"['प', 'ी', 'प']",पीप,3,CVC
पीर,"['प', 'ी', 'र']",पीर,3,CVC
पीस,"['प', 'ी', 'स']",पीस,3,CVC
पुट,"['प', 'ु', 'ट']",पुट,3,CVC
पुत,"['प', 'ु', 'त']",पुत,3,CVC
पुत्र,"['प', 'ु', 'त', '्', 'र']",पुत्र,5,CVCC
पुर,"['प', 'ु', 'र']",पुर,3,CVC
पुल,"['प', 'ु', 'ल']",पुल,3,CVC
पुष्ट,"['प', 'ु', 'ष', '्', 'ट']",पुष्ट,5,CVCC
पू,"['प', 'ू']",पू,2,CV
पूं,"['प', 'ू']",पू,2,CV
पूंछ,"['प', 'ू', 'छ']",पूछ,3,CVC
पूछ,"['प', 'ू', 'छ']",पूछ,3,CVC
पूज्य,"['प', 'ू', 'ज', '्', 'य']",पूज्य,5,CVCC
पूत,"['प', 'ू', 'त']",पूत,3,CVC
पूर्व,"['प', 'ू', 'र', '्', 'व']",पूर्व,5,CVCC
पूस,"['प', 'ू', 'स']",पूस,3,CVC
पृष्ठ,"['प', 'ृ', 'ष', '्', 'ठ']",पृष्ठ,5,CVCC
पे,"['प', 'े']",पे,2,CV
पेंक,"['प', 'े', 'क']",पेक,3,CVC
पेंड़,"['प', 'े', 'ड', '़']",पेड़,4,CVC
पेट,"['प', 'े', 'ट']",पेट,3,CVC
पेड,"['प', 'े', 'ड']",पेड,3,CVC
पेड़,"['प', 'े', 'ड', '़']",पेड़,4,CVC
पेन,"['प', 'े', 'न']",पेन,3,CVC
पेय,"['प', 'े', 'य']",पेय,3,CVC
पेल,"['प', 'े', 'ल']",पेल,3,CVC
पेश,"['प', 'े', 'श']",पेश,3,CVC
पेस्ट,"['प', 'े', 'स', '्', 'ट']",पेस्ट,5,CVCC
पैच,"['प', 'ै', 'च']",पैच,3,CVC
पैन,"['प', 'ै', 'न']",पैन,3,CVC
पैर,"['प', 'ै', 'र']",पैर,3,CVC
पॉल,"['प', 'ॉ', 'ल']",पॉल,3,CVC
पोंख,"['प', 'ो', 'ख']",पोख,3,CVC
पोंछ,"['प', 'ो', 'छ']",पोछ,3,CVC
पोत,"['प', 'ो', 'त']",पोत,3,CVC
पोल,"['प', 'ो', 'ल']",पोल,3,CVC
पोस,"['प', 'ो', 'स']",पोस,3,CVC
पोस्ट,"['प', 'ो', 'स', '्', 'ट']",पोस्ट,5,CVCC
पौं,"['प', 'ौ']",पौ,2,CV
पौंछ,"['प', 'ौ', 'छ']",पौछ,3,CVC
पौध,"['प', 'ौ', 'ध']",पौध,3,CVC
प्पी,"['प', '्', 'प', 'ी']",प्पी,4,CCV
प्याज,"['प', '्', 'य', 'ा', 'ज']",प्याज,5,CCVC
प्याज़,"['प', '्', 'य', 'ा', 'ज', '़']",प्याज़,6,CCVC
प्यार,"['प', '्', 'य', 'ा', 'र']",प्यार,5,CCVC
प्यास,"['प', '्', 'य', 'ा', 'स']",प्यास,5,CCVC
प्रान,"['प', '्', 'र', 'ा', 'न']",प्रान,5,CCVC
प्राप्त,"['प', '्', 'र', 'ा', 'प', '्', 'त']",प्राप्त,7,CCVCC
प्रेत,"['प', '्', 'र', 'े', 'त']",प्रेत,5,CCVC
प्रेम,"['प', '्', 'र', 'े', 'म']",प्रेम,5,CCVC
प्रौढ़,"['प', '्', 'र', 'ौ', 'ढ', '़']",प्रौढ़,6,CCVC
फँस,"['फ', 'स']",फस,2,CVC
फक,"['फ', 'क']",फक,2,CVC
फट,"['फ', 'ट']",फट,2,CVC
फड़,"['फ', 'ड', '़']",फड़,3,CVC
फन,"['फ', 'न']",फन,2,CVC
फर,"['फ', 'र']",फर,2,CVC
फर्क,"['फ', 'र', '्', 'क']",फर्क,4,CVCC
फर्र,"['फ', 'र', '्', 'र']",फर्र,4,CVCC
फर्श,"['फ', 'र', '्', 'श']",फर्श,4,CVCC
फल,"['फ', 'ल']",फल,2,CVC
फस,"['फ', 'स']",फस,2,CVC
फ़र,"['फ', '़', 'र']",फ़र,3,CVC
फ़र्क,"['फ', '़', 'र', '्', 'क']",फ़र्क,5,CVCC
फ़र्न,"['फ', '़', 'र', '्', 'न']",फ़र्न,5,CVCC
फ़र्श,"['फ', '़', 'र', '्', 'श']",फ़र्श,5,CVCC
फ़ास्ट,"['फ', '़', 'ा', 'स', '्', 'ट']",फ़ास्ट,6,CVCC
फ़िक्र,"['फ', '़', 'ि', 'क', '्', 'र']",फ़िक्र,6,CVCC
फ़िट,"['फ', '़', 'ि', 'ट']",फ़िट,4,CVC
फ़िर,"['फ', '़', 'ि', 'र']",फ़िर,4,CVC
फ़ूड,"['फ', '़', 'ू', 'ड']",फ़ूड,4,CVC
फ़ेंक,"['फ', '़', 'े', 'क']",फ़ेक,4,CVC
फाँस,"['फ', 'ा', 'स']",फास,3,CVC
फांद,"['फ', 'ा', 'द']",फाद,3,CVC
फाड़,"['फ', 'ा', 'ड', '़']",फाड़,4,CVC
फाल,"['फ', 'ा', 'ल']",फाल,3,CVC
फिक्र,"['फ', 'ि', 'क', '्', 'र']",फिक्र,5,CVCC
फिज़,"['फ', 'ि', 'ज', '़']",फिज़,4,CVC
फिर,"['फ', 'ि', 'र']",फिर,3,CVC
फुर,"['फ', 'ु', 'र']",फुर,3,CVC
फुर्ज,"['फ', 'ु', 'र', '्', 'ज']",फुर्ज,5,CVCC
फुर्र,"['फ', 'ु', 'र', '्', 'र']",फुर्र,5,CVCC
फुले,"['फ', 'ु', 'ल', 'े']",फुले,4,CVCV
फूंक,"['फ', 'ू', 'क']",फूक,3,CVC
फूल,"['फ', 'ू', 'ल']",फूल,3,CVC
फूस,"['फ', 'ू', 'स']",फूस,3,CVC
फेंक,"['फ', 'े', 'क']",फेक,3,CVC
फेंट,"['फ', 'े', 'ट']",फेट,3,CVC
फेन,"['फ', 'े', 'न']",फेन,3,CVC
फेर,"['फ', 'े', 'र']",फेर,3,CVC
फैक,"['फ', 'ै', 'क']",फैक,3,CVC
फैल,"['फ', 'ै', 'ल']",फैल,3,CVC
फोड़,"['फ', 'ो', 'ड', '़']",फोड़,4,CVC
बँध,"['ब', 'ध']",बध,2,CVC
बंट,"['ब', 'ट']",बट,2,CVC
बंद,"['ब', 'द']",बद,2,CVC
बंध,"['ब', 'ध']",बध,2,CVC
बक,"['ब', 'क']",बक,2,CVC
बच,"['ब', 'च']",बच,2,CVC
बचत,"['ब', 'च', 'त']",बचत,3,CVCVC
बज,"['ब', 'ज']",बज,2,CVC
बट,"['ब', 'ट']",बट,2,CVC
बढ़,"['ब', 'ढ', '़']",बढ़,3,CVC
बद,"['ब', 'द']",बद,2,CVC
बन,"['ब', 'न']",बन,2,CVC
बम,"['ब', 'म']",बम,2,CVC
बर,"['ब', 'र']",बर,2,CVC
बर्न्स,"['ब', 'र', '्', 'न', '्', 'स']",बर्न्स,6,CVCCC
बर्फ,"['ब', 'र', '्', 'फ']",बर्फ,4,CVCC
बर्फ़,"['ब', 'र', '्', 'फ', '़']",बर्फ़,5,CVCC
बर्र,"['ब', 'र', '्', 'र']",बर्र,4,CVCC
बल,"['ब', 'ल']",बल,2,CVC
बस,"['ब', 'स']",बस,2,CVC
बह,"['ब', 'ह']",बह,2,CVC
बा,"['ब', 'ा']",बा,2,CV
बाँस,"['ब', 'ा', 'स']",बास,3,CVC
बांग,"['ब', 'ा', 'ग']",बाग,3,CVC
बांट,"['ब', 'ा', 'ट']",बाट,3,CVC
बांध,"['ब', 'ा', 'ध']",बाध,3,CVC
बाक,"['ब', 'ा', 'क']",बाक,3,CVC
बाग,"['ब', 'ा', 'ग']",बाग,3,CVC
बाग़,"['ब', 'ा', 'ग', '़']",बाग़,4,CVC
बाघ,"['ब', 'ा', 'घ']",बाघ,3,CVC
बाज,"['ब', 'ा', 'ज']",बाज,3,CVC
बाज़,"['ब', 'ा', 'ज', '़']",बाज़,4,CVC
बाट,"['ब', 'ा', 'ट']",बाट,3,CVC
बाड़,"['ब', 'ा', 'ड', '़']",बाड़,4,CVC
बाढ़,"['ब', 'ा', 'ढ', '़']",बाढ़,4,CVC
बाद,"['ब', 'ा', 'द']",बाद,3,CVC
बाध्य,"['ब', 'ा', 'ध', '्', 'य']",बाध्य,5,CVCC
बाप,"['ब', 'ा', 'प']",बाप,3,CVC
बाम,"['ब', 'ा', 'म']",बाम,3,CVC
बाय,"['ब', 'ा', 'य']",बाय,3,CVC
बार,"['ब', 'ा', 'र']",बार,3,CVC
बार्स,"['ब', 'ा', 'र', '्', 'स']",बार्स,5,CVCC
बाल,"['ब', 'ा', 'ल']",बाल,3,CVC
बिंग,"['ब', 'ि', 'ग']",बिग,3,CVC
बिंध,"['ब', 'ि', 'ध']",बिध,3,CVC
बिक,"['ब', 'ि', 'क']",बिक,3,CVC
बिग,"['ब', 'ि', 'ग']",बिग,3,CVC
बिछ,"['ब', 'ि', 'छ']",बिछ,3,CVC
बिट्,"['ब', 'ि', 'ट', '्']",बिट्,4,CVC
बिट्टू,"['ब', 'ि', 'ट', '्', 'ट', 'ू']",बिट्टू,6,CVCCV
बिन,"['ब', 'ि', 'न']",बिन,3,CVC
बिल,"['ब', 'ि', 'ल']",बिल,3,CVC
बींध,"['ब', 'ी', 'ध']",बीध,3,CVC
बीच,"['ब', 'ी', 'च']",बीच,3,CVC
बीज,"['ब', 'ी', 'ज']",बीज,3,CVC
बीत,"['ब', 'ी', 'त']",बीत,3,CVC
बीन,"['ब', 'ी', 'न']",बीन,3,CVC
बीप,"['ब', 'ी', 'प']",बीप,3,CVC
बीम,"['ब', 'ी', 'म']",बीम,3,CVC
बीस,"['ब', 'ी', 'स']",बीस,3,CVC
बुक,"['ब', 'ु', 'क']",बुक,3,CVC
बुझ,"['ब', 'ु', 'झ']",बुझ,3,CVC
बुत,"['ब', 'ु', 'त']",बुत,3,CVC
बुध,"['ब', 'ु', 'ध']",बुध,3,CVC
बुन,"['ब', 'ु', 'न']",बुन,3,CVC
बूंद,"['ब', 'ू', 'द']",बूद,3,CVC
बूझ,"['ब', 'ू', 'झ']",बूझ,3,CVC
बूट,"['ब', 'ू', 'ट']",बूट,3,CVC
बेंच,"['ब', 'े', 'च']",बेच,3,CVC
बेंत,"['ब', 'े', 'त']",बेत,3,CVC
बेक,"['ब', 'े', 'क']",बेक,3,CVC
बेच,"['ब', 'े', 'च']",बेच,3,CVC
बेठ,"['ब', 'े', 'ठ']",बेठ,3,CVC
बेथ,"['ब', 'े', 'थ']",बेथ,3,CVC
बेध,"['ब', 'े', 'ध']",बेध,3,CVC
बेन,"['ब', 'े', 'न']",बेन,3,CVC
बेर,"['ब', 'े', 'र']",बेर,3,CVC
बेल,"['ब', 'े', 'ल']",बेल,3,CVC
बैंक,"['ब', 'ै', 'क']",बैक,3,CVC
बैंच,"['ब', 'ै', 'च']",बैच,3,CVC
बैंड,"['ब', 'ै', 'ड']",बैड,3,CVC
बैग,"['ब', 'ै', 'ग']",बैग,3,CVC
बैग्,"['ब', 'ै', 'ग', '्']",बैग्,4,CVC
बैज,"['ब', 'ै', 'ज']",बैज,3,CVC
बैट,"['ब', 'ै', 'ट']",बैट,3,CVC
बैर,"['ब', 'ै', 'र']",बैर,3,CVC
बैल,"['ब', 'ै', 'ल']",बैल,3,CVC
बैस्ट,"['ब', 'ै', 'स', '्', 'ट']",बैस्ट,5,CVCC
बॉप,"['ब', 'ॉ', 'प']",बॉप,3,CVC
बॉब,"['ब', 'ॉ', 'ब']",बॉब,3,CVC
बॉल,"['ब', 'ॉ', 'ल']",बॉल,3,CVC
बो,"['ब', 'ो']",बो,2,CV
बोझ,"['ब', 'ो', 'झ']",बोझ,3,CVC
बोध,"['ब', 'ो', 'ध']",बोध,3,CVC
बोल,"['ब', 'ो', 'ल']",बोल,3,CVC
बौद्ध,"['ब', 'ौ', 'द', '्', 'ध']",बौद्ध,5,CVCC
ब्याज,"['ब', '्', 'य', 'ा', 'ज']",ब्याज,5,CCVC
ब्यास,"['ब', '्', 'य', 'ा', 'स']",ब्यास,5,CCVC
ब्याह,"['ब', '्', 'य', 'ा', 'ह']",ब्याह,5,CCVC
ब्रज,"['ब', '्', 'र', 'ज']",ब्रज,4,CCVC
ब्रेक,"['ब', '्', 'र', 'े', 'क']",ब्रेक,5,CCVC
भ,['भ'],भ,1,CV
भंग,"['भ', 'ग']",भग,2,CVC
भक,"['भ', 'क']",भक,2,CVC
भक्त,"['भ', 'क', '्', 'त']",भक्त,4,CVCC
भक्ष्य,"['भ', 'क', '्', 'ष', '्', 'य']",भक्ष्य,6,CVCCC
भद्द,"['भ', 'द', '्', 'द']",भद्द,4,CVCC
भन,"['भ', 'न']",भन,2,CVC
भय,"['भ', 'य']",भय,2,CVC
भर,"['भ', 'र']",भर,2,CVC
भव्य,"['भ', 'व', '्', 'य']",भव्य,4,CVCC
भस्म,"['भ', 'स', '्', 'म']",भस्म,4,CVCC
भा,"['भ', 'ा']",भा,2,CV
भांप,"['भ', 'ा', 'प']",भाप,3,CVC
भाग,"['भ', 'ा', 'ग']",भाग,3,CVC
भाड़,"['भ', 'ा', 'ड', '़']",भाड़,4,CVC
भात,"['भ', 'ा', 'त']",भात,3,CVC
भान,"['भ', 'ा', 'न']",भान,3,CVC
भाप,"['भ', 'ा', 'प']",भाप,3,CVC
भार,"['भ', 'ा', 'र']",भार,3,CVC
भाल,"['भ', 'ा', 'ल']",भाल,3,CVC
भाव,"['भ', 'ा', 'व']",भाव,3,CVC
भाैंह,"['भ', 'ा', 'ै', 'ह']",भाैह,4,CVVC
भिड़,"['भ', 'ि', 'ड', '़']",भिड़,4,CVC
भी,"['भ', 'ी']",भी,2,CV
भींच,"['भ', 'ी', 'च']",भीच,3,CVC
भीख,"['भ', 'ी', 'ख']",भीख,3,CVC
भीग,"['भ', 'ी', 'ग']",भीग,3,CVC
भीड़,"['भ', 'ी', 'ड', '़']",भीड़,4,CVC
भीम,"['भ', 'ी', 'म']",भीम,3,CVC
भील,"['भ', 'ी', 'ल']",भील,3,CVC
भुन,"['भ', 'ु', 'न']",भुन,3,CVC
भूक,"['भ', 'ू', 'क']",भूक,3,CVC
भूख,"['भ', 'ू', 'ख']",भूख,3,CVC
भूत,"['भ', 'ू', 'त']",भूत,3,CVC
भून,"['भ', 'ू', 'न']",भून,3,CVC
भूप,"['भ', 'ू', 'प']",भूप,3,CVC
भूल,"['भ', 'ू', 'ल']",भूल,3,CVC
भेंट,"['भ', 'े', 'ट']",भेट,3,CVC
भेज,"['भ', 'े', 'ज']",भेज,3,CVC
भेड़,"['भ', 'े', 'ड', '़']",भेड़,4,CVC
भेद,"['भ', 'े', 'द']",भेद,3,CVC
भेल,"['भ', 'े', 'ल']",भेल,3,CVC
भेष,"['भ', 'े', 'ष']",भेष,3,CVC
भेस,"['भ', 'े', 'स']",भेस,3,CVC
भैं,"['भ', 'ै']",भै,2,CV
भैंस,"['भ', 'ै', 'स']",भैस,3,CVC
भैय,"['भ', 'ै', 'य']",भैय,3,CVC
भो,"['भ', 'ो']",भो,2,CV
भोंक,"['भ', 'ो', 'क']",भोक,3,CVC
भोग,"['भ', 'ो', 'ग']",भोग,3,CVC
भोज,"['भ', 'ो', 'ज']",भोज,3,CVC
भोर,"['भ', 'ो', 'र']",भोर,3,CVC
भौं,"['भ', 'ौ']",भौ,2,CV
भौंक,"['भ', 'ौ', 'क']",भौक,3,CVC
भौंह,"['भ', 'ौ', 'ह']",भौह,3,CVC
भौम,"['भ', 'ौ', 'म']",भौम,3,CVC
भ्रम,"['भ', '्', 'र', 'म']",भ्रम,4,CCVC
भ्रष्ट,"['भ', '्', 'र', 'ष', '्', 'ट']",भ्रष्ट,6,CCVCC
भ्रांत,"['भ', '्', 'र', 'ा', 'त']",भ्रात,5,CCVC
म,['म'],म,1,CV
मंच,"['म', 'च']",मच,2,CVC
मंड,"['म', 'ड']",मड,2,CVC
मंद,"['म', 'द']",मद,2,CVC
मंद्र,"['म', 'द', '्', 'र']",मद्र,4,CVCC
मंह,"['म', 'ह']",मह,2,CVC
मग,"['म', 'ग']",मग,2,CVC
मठ,"['म', 'ठ']",मठ,2,CVC
मड,"['म', 'ड']",मड,2,CVC
मत,"['म', 'त']",मत,2,CVC
मत्त,"['म', 'त', '्', 'त']",मत्त,4,CVCC
मत्स्य,"['म', 'त', '्', 'स', '्', 'य']",मत्स्य,6,CVCCC
मथ,"['म', 'थ']",मथ,2,CVC
मद,"['म', 'द']",मद,2,CVC
मद्र,"['म', 'द', '्', 'र']",मद्र,4,CVCC
मध्य,"['म', 'ध', '्', 'य']",मध्य,4,CVCC
मन,"['म', 'न']",मन,2,CVC
मम्म,"['म', 'म', '्', 'म']",मम्म,4,CVCC
मय,"['म', 'य']",मय,2,CVC
मर,"['म', 'र']",मर,2,CVC
मर्द,"['म', 'र', '्', 'द']",मर्द,4,CVCC
मर्म,"['म', 'र', '्', 'म']",मर्म,4,CVCC
मल,"['म', 'ल']",मल,2,CVC
मस,"['म', 'स']",मस,2,CVC
मस्ट,"['म', 'स', '्', 'ट']",मस्ट,4,CVCC
मस्त,"['म', 'स', '्', 'त']",मस्त,4,CVCC
मा,"['म', 'ा']",मा,2,CV
माँ,"['म', 'ा']",मा,2,CV
मां,"['म', 'ा']",मा,2,CV
मांग,"['म', 'ा', 'ग']",माग,3,CVC
मांज,"['म', 'ा', 'ज']",माज,3,CVC
मांड,"['म', 'ा', 'ड']",माड,3,CVC
मांड़,"['म', 'ा', 'ड', '़']",माड़,4,CVC
मांड्,"['म', 'ा', 'ड', '्']",माड्,4,CVC
मांद,"['म', 'ा', 'द']",माद,3,CVC
मांस,"['म', 'ा', 'स']",मास,3,CVC
माघ,"['म', 'ा', 'घ']",माघ,3,CVC
मान,"['म', 'ा', 'न']",मान,3,CVC
माप,"['म', 'ा', 'प']",माप,3,CVC
माफ,"['म', 'ा', 'फ']",माफ,3,CVC
माफ़,"['म', 'ा', 'फ', '़']",माफ़,4,CVC
मार,"['म', 'ा', 'र']",मार,3,CVC
मार्क,"['म', 'ा', 'र', '्', 'क']",मार्क,5,CVCC
मार्ग,"['म', 'ा', 'र', '्', 'ग']",मार्ग,5,CVCC
माल,"['म', 'ा', 'ल']",माल,3,CVC
मास,"['म', 'ा', 'स']",मास,3,CVC
माह,"['म', 'ा', 'ह']",माह,3,CVC
मिंग,"['म', 'ि', 'ग']",मिग,3,CVC
मिट,"['म', 'ि', 'ट']",मिट,3,CVC
मित्र,"['म', 'ि', 'त', '्', 'र']",मित्र,5,CVCC
मिर्च,"['म', 'ि', 'र', '्', 'च']",मिर्च,5,CVCC
मिल,"['म', 'ि', 'ल']",मिल,3,CVC
मिश्र,"['म', 'ि', 'श', '्', 'र']",मिश्र,5,CVCC
मिस,"['म', 'ि', 'स']",मिस,3,CVC
मिस्र,"['म', 'ि', 'स', '्', 'र']",मिस्र,5,CVCC
मी,"['म', 'ी']",मी,2,CV
मींच,"['म', 'ी', 'च']",मीच,3,CVC
मींस,"['म', 'ी', 'स']",मीस,3,CVC
मीच,"['म', 'ी', 'च']",मीच,3,CVC
मीत,"['म', 'ी', 'त']",मीत,3,CVC
मील,"['म', 'ी', 'ल']",मील,3,CVC
मुँह,"['म', 'ु', 'ह']",मुह,3,CVC
मुक्त,"['म', 'ु', 'क', '्', 'त']",मुक्त,5,CVCC
मुख,"['म', 'ु', 'ख']",मुख,3,CVC
मुग्ध,"['म', 'ु', 'ग', '्', 'ध']",मुग्ध,5,CVCC
मुझ,"['म', 'ु', 'झ']",मुझ,3,CVC
मुड,"['म', 'ु', 'ड']",मुड,3,CVC
मुड़,"['म', 'ु', 'ड', '़']",मुड़,4,CVC
मुफ़्त,"['म', 'ु', 'फ', '़', '्', 'त']",मुफ़्त,6,CVCC
मुफ्त,"['म', 'ु', 'फ', '्', 'त']",मुफ्त,5,CVCC
मुर्गा,"['म', 'ु', 'र', '्', 'ग', 'ा']",मुर्गा,6,CVCCV
मुहं,"['म', 'ु', 'ह']",मुह,3,CVC
मूं,"['म', 'ू']",मू,2,CV
मूंग,"['म', 'ू', 'ग']",मूग,3,CVC
मूंछ,"['म', 'ू', 'छ']",मूछ,3,CVC
मूंज,"['म', 'ू', 'ज']",मूज,3,CVC
मूंठ,"['म', 'ू', 'ठ']",मूठ,3,CVC
मूंद,"['म', 'ू', 'द']",मूद,3,CVC
मूंह,"['म', 'ू', 'ह']",मूह,3,CVC
मूछ,"['म', 'ू', 'छ']",मूछ,3,CVC
मूड,"['म', 'ू', 'ड']",मूड,3,CVC
मूड़,"['म', 'ू', 'ड', '़']",मूड़,4,CVC
मूर्ख,"['म', 'ू', 'र', '्', 'ख']",मूर्ख,5,CVCC
मूल,"['म', 'ू', 'ल']",मूल,3,CVC
मूल्य,"['म', 'ू', 'ल', '्', 'य']",मूल्य,5,CVCC
मूस,"['म', 'ू', 'स']",मूस,3,CVC
मृग,"['म', 'ृ', 'ग']",मृग,3,CVC
मृण,"['म', 'ृ', 'ण']",मृण,3,CVC
में,"['म', 'े']",मे,2,CV
मेंज़,"['म', 'े', 'ज', '़']",मेज़,4,CVC
मेघ,"['म', 'े', 'घ']",मेघ,3,CVC
मेज,"['म', 'े', 'ज']",मेज,3,CVC
मेज़,"['म', 'े', 'ज', '़']",मेज़,4,CVC
मेन,"['म', 'े', 'न']",मेन,3,CVC
मेल,"['म', 'े', 'ल']",मेल,3,CVC
मेस,"['म', 'े', 'स']",मेस,3,CVC
मेह,"['म', 'े', 'ह']",मेह,3,CVC
मे़ज,"['म', 'े', '़', 'ज']",मे़ज,4,CVVC
मै,"['म', 'ै']",मै,2,CV
मैं,"['म', 'ै']",मै,2,CV
मैच,"['म', 'ै', 'च']",मैच,3,CVC
मैन,"['म', 'ै', 'न']",मैन,3,CVC
मैल,"['म', 'ै', 'ल']",मैल,3,CVC
मॉं,"['म', 'ॉ']",मॉ,2,CV
मोज,"['म', 'ो', 'ज']",मोज,3,CVC
मोड़,"['म', 'ो', 'ड', '़']",मोड़,4,CVC
मोम,"['म', 'ो', 'म']",मोम,3,CVC
मोर,"['म', 'ो', 'र']",मोर,3,CVC
मोल,"['म', 'ो', 'ल']",मोल,3,CVC
मोह,"['म', 'ो', 'ह']",मोह,3,CVC
मौज,"['म', 'ौ', 'ज']",मौज,3,CVC
मौत,"['म', 'ौ', 'त']",मौत,3,CVC
मौन,"['म', 'ौ', 'न']",मौन,3,CVC
यंत्र,"['य', 'त', '्', 'र']",यत्र,4,CVCC
यक,"['य', 'क']",यक,2,CVC
यक्ष,"['य', 'क', '्', 'ष']",यक्ष,4,CVCC
यज्ञ,"['य', 'ज', '्', 'ञ']",यज्ञ,4,CVCC
यत्न,"['य', 'त', '्', 'न']",यत्न,4,CVCC
यश,"['य', 'श']",यश,2,CVC
यह,"['य', 'ह']",यह,2,CVC
या,"['य', 'ा']",या,2,CV
याक,"['य', 'ा', 'क']",याक,3,CVC
याद,"['य', 'ा', 'द']",याद,3,CVC
यान,"['य', 'ा', 'न']",यान,3,CVC
यार,"['य', 'ा', 'र']",यार,3,CVC
युग,"['य', 'ु', 'ग']",युग,3,CVC
युद्ध,"['य', 'ु', 'द', '्', 'ध']",युद्ध,5,CVCC
युल,"['य', 'ु', 'ल']",युल,3,CVC
यू,"['य', 'ू']",यू,2,CV
यूँ,"['य', 'ू']",यू,2,CV
यूथ,"['य', 'ू', 'थ']",यूथ,3,CVC
यूल,"['य', 'ू', 'ल']",यूल,3,CVC
ये,"['य', 'े']",ये,2,CV
यो,"['य', 'ो']",यो,2,CV
यों,"['य', 'ो']",यो,2,CV
रंग,"['र', 'ग']",रग,2,CVC
रक्त,"['र', 'क', '्', 'त']",रक्त,4,CVCC
रख,"['र', 'ख']",रख,2,CVC
रच,"['र', 'च']",रच,2,CVC
रट,"['र', 'ट']",रट,2,CVC
रण,"['र', 'ण']",रण,2,CVC
रत,"['र', 'त']",रत,2,CVC
रत्न,"['र', 'त', '्', 'न']",रत्न,4,CVCC
रथ,"['र', 'थ']",रथ,2,CVC
रमन,"['र', 'म', 'न']",रमन,3,CVCVC
रस,"['र', 'स']",रस,2,CVC
रह,"['र', 'ह']",रह,2,CVC
राख,"['र', 'ा', 'ख']",राख,3,CVC
राग,"['र', 'ा', 'ग']",राग,3,CVC
राज,"['र', 'ा', 'ज']",राज,3,CVC
राज़,"['र', 'ा', 'ज', '़']",राज़,4,CVC
राज्य,"['र', 'ा', 'ज', '्', 'य']",राज्य,5,CVCC
रात,"['र', 'ा', 'त']",रात,3,CVC
रान,"['र', 'ा', 'न']",रान,3,CVC
राम,"['र', 'ा', 'म']",राम,3,CVC
राय,"['र', 'ा', 'य']",राय,3,CVC
राव,"['र', 'ा', 'व']",राव,3,CVC
राष्ट्र,"['र', 'ा', 'ष', '्', 'ट', '्', 'र']",राष्ट्र,7,CVCCC
रास,"['र', 'ा', 'स']",रास,3,CVC
राह,"['र', 'ा', 'ह']",राह,3,CVC
रि,"['र', 'ि']",रि,2,CV
रिक्त,"['र', 'ि', 'क', '्', 'त']",रिक्त,5,CVCC
रिज,"['र', 'ि', 'ज']",रिज,3,CVC
रिस,"['र', 'ि', 'स']",रिस,3,CVC
री,"['र', 'ी']",री,2,CV
रीत,"['र', 'ी', 'त']",रीत,3,CVC
रील,"['र', 'ी', 'ल']",रील,3,CVC
रु,"['र', 'ु']",रु,2,CV
रुँध,"['र', 'ु', 'ध']",रुध,3,CVC
रुक,"['र', 'ु', 'क']",रुक,3,CVC
रुद्ध,"['र', 'ु', 'द', '्', 'ध']",रुद्ध,5,CVCC
रुप,"['र', 'ु', 'प']",रुप,3,CVC
रूक,"['र', 'ू', 'क']",रूक,3,CVC
रूठ,"['र', 'ू', 'ठ']",रूठ,3,CVC
रूप,"['र', 'ू', 'प']",रूप,3,CVC
रूम,"['र', 'ू', 'म']",रूम,3,CVC
रूस,"['र', 'ू', 'स']",रूस,3,CVC
रूह,"['र', 'ू', 'ह']",रूह,3,CVC
रे,"['र', 'े']",रे,2,CV
रेंग,"['र', 'े', 'ग']",रेग,3,CVC
रेख,"['र', 'े', 'ख']",रेख,3,CVC
रेत,"['र', 'े', 'त']",रेत,3,CVC
रेल,"['र', 'े', 'ल']",रेल,3,CVC
रो,"['र', 'ो']",रो,2,CV
रोक,"['र', 'ो', 'क']",रोक,3,CVC
रोज,"['र', 'ो', 'ज']",रोज,3,CVC
रोज़,"['र', 'ो', 'ज', '़']",रोज़,4,CVC
रोड,"['र', 'ो', 'ड']",रोड,3,CVC
रोन,"['र', 'ो', 'न']",रोन,3,CVC
रोप,"['र', 'ो', 'प']",रोप,3,CVC
रोम,"['र', 'ो', 'म']",रोम,3,CVC
रोश,"['र', 'ो', 'श']",रोश,3,CVC
रौंद,"['र', 'ौ', 'द']",रौद,3,CVC
रौब,"['र', 'ौ', 'ब']",रौब,3,CVC
ल,['ल'],ल,1,CV
लक्ष्य,"['ल', 'क', '्', 'ष', '्', 'य']",लक्ष्य,6,CVCCC
लग,"['ल', 'ग']",लग,2,CVC
लट,"['ल', 'ट']",लट,2,CVC
लड,"['ल', 'ड']",लड,2,CVC
लड़,"['ल', 'ड', '़']",लड़,3,CVC
लद,"['ल', 'द']",लद,2,CVC
लय,"['ल', 'य']",लय,2,CVC
ला,"['ल', 'ा']",ला,2,CV
लांघ,"['ल', 'ा', 'घ']",लाघ,3,CVC
लाख,"['ल', 'ा', 'ख']",लाख,3,CVC
लाग,"['ल', 'ा', 'ग']",लाग,3,CVC
लाड़,"['ल', 'ा', 'ड', '़']",लाड़,4,CVC
लात,"['ल', 'ा', 'त']",लात,3,CVC
लाद,"['ल', 'ा', 'द']",लाद,3,CVC
लाभ,"['ल', 'ा', 'भ']",लाभ,3,CVC
लार,"['ल', 'ा', 'र']",लार,3,CVC
लाल,"['ल', 'ा', 'ल']",लाल,3,CVC
लाश,"['ल', 'ा', 'श']",लाश,3,CVC
लिख,"['ल', 'ि', 'ख']",लिख,3,CVC
लिप,"['ल', 'ि', 'प']",लिप,3,CVC
लिस्ट,"['ल', 'ि', 'स', '्', 'ट']",लिस्ट,5,CVCC
लीग,"['ल', 'ी', 'ग']",लीग,3,CVC
लीद,"['ल', 'ी', 'द']",लीद,3,CVC
लीव,"['ल', 'ी', 'व']",लीव,3,CVC
लुक,"['ल', 'ु', 'क']",लुक,3,CVC
लुट,"['ल', 'ु', 'ट']",लुट,3,CVC
लू,"['ल', 'ू']",लू,2,CV
लूट,"['ल', 'ू', 'ट']",लूट,3,CVC
ले,"['ल', 'े']",ले,2,CV
लेंस,"['ल', 'े', 'स']",लेस,3,CVC
लेख,"['ल', 'े', 'ख']",लेख,3,CVC
लेट,"['ल', 'े', 'ट']",लेट,3,CVC
लेप,"['ल', 'े', 'प']",लेप,3,CVC
लेह,"['ल', 'े', 'ह']",लेह,3,CVC
लै,"['ल', 'ै']",लै,2,CV
लॉक,"['ल', 'ॉ', 'क']",लॉक,3,CVC
लो,"['ल', 'ो']",लो,2,CV
लोक,"['ल', 'ो', 'क']",लोक,3,CVC
लोग,"['ल', 'ो', 'ग']",लोग,3,CVC
लोट,"['ल', 'ो', 'ट']",लोट,3,CVC
लोभ,"['ल', 'ो', 'भ']",लोभ,3,CVC
लौ,"['ल', 'ौ']",लौ,2,CV
लौं,"['ल', 'ौ']",लौ,2,CV
लौंग,"['ल', 'ौ', 'ग']",लौग,3,CVC
लौट,"['ल', 'ौ', 'ट']",लौट,3,CVC
लौह,"['ल', 'ौ', 'ह']",लौह,3,CVC
व,['व'],व,1,CV
वंश,"['व', 'श']",वश,2,CVC
वक़्त,"['व', 'क', '़', '्', 'त']",वक़्त,5,CVCC
वक्त,"['व', 'क', '्', 'त']",वक्त,4,CVCC
वज्र,"['व', 'ज', '्', 'र']",वज्र,4,CVCC
वट,"['व', 'ट']",वट,2,CVC
वड,"['व', 'ड']",वड,2,CVC
वध,"['व', 'ध']",वध,2,CVC
वन,"['व', 'न']",वन,2,CVC
वर,"['व', 'र']",वर,2,CVC
वर्क,"['व', 'र', '्', 'क']",वर्क,4,CVCC
वर्ण,"['व', 'र', '्', 'ण']",वर्ण,4,CVCC
वर्ष,"['व', 'र', '्', 'ष']",वर्ष,4,CVCC
वर्षा,"['व', 'र', '्', 'ष', 'ा']",वर्षा,5,CVCCV
वश,"['व', 'श']",वश,2,CVC
वस्त्र,"['व', 'स', '्', 'त', '्', 'र']",वस्त्र,6,CVCCC
वह,"['व', 'ह']",वह,2,CVC
वा,"['व', 'ा']",वा,2,CV
वां,"['व', 'ा']",वा,2,CV
वाक्य,"['व', 'ा', 'क', '्', 'य']",वाक्य,5,CVCC
वाद,"['व', 'ा', 'द']",वाद,3,CVC
वाद्य,"['व', 'ा', 'द', '्', 'य']",वाद्य,5,CVCC
वाम,"['व', 'ा', 'म']",वाम,3,CVC
वार,"['व', 'ा', 'र']",वार,3,CVC
वाष्प,"['व', 'ा', 'ष', '्', 'प']",वाष्प,5,CVCC
वाह,"['व', 'ा', 'ह']",वाह,3,CVC
विघ्न,"['व', 'ि', 'घ', '्', 'न']",विघ्न,5,CVCC
वित्त,"['व', 'ि', 'त', '्', 'त']",वित्त,5,CVCC
विन,"['व', 'ि', 'न']",विन,3,CVC
विश्व,"['व', 'ि', 'श', '्', 'व']",विश्व,5,CVCC
विष,"['व', 'ि', 'ष']",विष,3,CVC
वी,"['व', 'ी']",वी,2,CV
वीन,"['व', 'ी', 'न']",वीन,3,CVC
वीर,"['व', 'ी', 'र']",वीर,3,CVC
वृक्ष,"['व', 'ृ', 'क', '्', 'ष']",वृक्ष,5,CVCC
वृत्त,"['व', 'ृ', 'त', '्', 'त']",वृत्त,5,CVCC
वृद्ध,"['व', 'ृ', 'द', '्', 'ध']",वृद्ध,5,CVCC
वें,"['व', 'े']",वे,2,CV
वेग,"['व', 'े', 'ग']",वेग,3,CVC
वेद,"['व', 'े', 'द']",वेद,3,CVC
वेद्य,"['व', 'े', 'द', '्', 'य']",वेद्य,5,CVCC
वेफ,"['व', 'े', 'फ']",वेफ,3,CVC
वेश,"['व', 'े', 'श']",वेश,3,CVC
वेष,"['व', 'े', 'ष']",वेष,3,CVC
वैद्य,"['व', 'ै', 'द', '्', 'य']",वैद्य,5,CVCC
वैर,"['व', 'ै', 'र']",वैर,3,CVC
वो,"['व', 'ो']",वो,2,CV
वोट,"['व', 'ो', 'ट']",वोट,3,CVC
वोह,"['व', 'ो', 'ह']",वोह,3,CVC
वौं,"['व', 'ौ']",वौ,2,CV
व्यक्त,"['व', '्', 'य', 'क', '्', 'त']",व्यक्त,6,CCVCC
व्यय,"['व', '्', 'य', 'य']",व्यय,4,CCVC
व्याघ्र,"['व', '्', 'य', 'ा', 'घ', '्', 'र']",व्याघ्र,7,CCVCC
व्याध,"['व', '्', 'य', 'ा', 'ध']",व्याध,5,CCVC
व्याध्य,"['व', '्', 'य', 'ा', 'ध', '्', 'य']",व्याध्य,7,CCVCC
व्याप्त,"['व', '्', 'य', 'ा', 'प', '्', 'त']",व्याप्त,7,CCVCC
व्यास,"['व', '्', 'य', 'ा', 'स']",व्यास,5,CCVC
व्यूह,"['व', '्', 'य', 'ू', 'ह']",व्यूह,5,CCVC
व्रत,"['व', '्', 'र', 'त']",व्रत,4,CCVC
श,['श'],श,1,CV
शं,['श'],श,1,CV
शंख,"['श', 'ख']",शख,2,CVC
शंट,"['श', 'ट']",शट,2,CVC
शः,"['श', 'ः']",शः,2,CV
शक,"['श', 'क']",शक,2,CVC
शक्ल,"['श', 'क', '्', 'ल']",शक्ल,4,CVCC
शट,"['श', 'ट']",शट,2,CVC
शड,"['श', 'ड']",शड,2,CVC
शब्द,"['श', 'ब', '्', 'द']",शब्द,4,CVCC
शर,"['श', 'र']",शर,2,CVC
शर्ट,"['श', 'र', '्', 'ट']",शर्ट,4,CVCC
शर्त,"['श', 'र', '्', 'त']",शर्त,4,CVCC
शव,"['श', 'व']",शव,2,CVC
शश,"['श', 'श']",शश,2,CVC
शा,"['श', 'ा']",शा,2,CV
शांत,"['श', 'ा', 'त']",शात,3,CVC
शाक,"['श', 'ा', 'क']",शाक,3,CVC
शान,"['श', 'ा', 'न']",शान,3,CVC
शाप,"['श', 'ा', 'प']",शाप,3,CVC
शाब,"['श', 'ा', 'ब']",शाब,3,CVC
शाम,"['श', 'ा', 'म']",शाम,3,CVC
शार्क,"['श', 'ा', 'र', '्', 'क']",शार्क,5,CVCC
शाल,"['श', 'ा', 'ल']",शाल,3,CVC
शाह,"['श', 'ा', 'ह']",शाह,3,CVC
शिव,"['श', 'ि', 'व']",शिव,3,CVC
शी,"['श', 'ी']",शी,2,CV
शीघ्र,"['श', 'ी', 'घ', '्', 'र']",शीघ्र,5,CVCC
शीत,"['श', 'ी', 'त']",शीत,3,CVC
शीर,"['श', 'ी', 'र']",शीर,3,CVC
शील,"['श', 'ी', 'ल']",शील,3,CVC
शीश,"['श', 'ी', 'श']",शीश,3,CVC
शुक्ल,"['श', 'ु', 'क', '्', 'ल']",शुक्ल,5,CVCC
शुड,"['श', 'ु', 'ड']",शुड,3,CVC
शुद्ध,"['श', 'ु', 'द', '्', 'ध']",शुद्ध,5,CVCC
शुभ,"['श', 'ु', 'भ']",शुभ,3,CVC
शू,"['श', 'ू']",शू,2,CV
शून्य,"['श', 'ू', 'न', '्', 'य']",शून्य,5,CVCC
शेख,"['श', 'े', 'ख']",शेख,3,CVC
शेड,"['श', 'े', 'ड']",शेड,3,CVC
शेर,"['श', 'े', 'र']",शेर,3,CVC
शेव,"['श', 'े', 'व']",शेव,3,CVC
शेष,"['श', 'े', 'ष']",शेष,3,CVC
शॉल,"['श', 'ॉ', 'ल']",शॉल,3,CVC
शो,"['श', 'ो']",शो,2,CV
शोध,"['श', 'ो', 'ध']",शोध,3,CVC
शोर,"['श', 'ो', 'र']",शोर,3,CVC
शौक,"['श', 'ौ', 'क']",शौक,3,CVC
शौच,"['श', 'ौ', 'च']",शौच,3,CVC
शौर्य,"['श', 'ौ', 'र', '्', 'य']",शौर्य,5,CVCC
श्याम,"['श', '्', 'य', 'ा', 'म']",श्याम,5,CCVC
श्राद्ध,"['श', '्', 'र', 'ा', 'द', '्', 'ध']",श्राद्ध,7,CCVCC
श्री,"['श', '्', 'र', 'ी']",श्री,4,CCV
श्रेय,"['श', '्', 'र', 'े', 'य']",श्रेय,5,CCVC
श्रेष्ठ,"['श', '्', 'र', 'े', 'ष', '्', 'ठ']",श्रेष्ठ,7,CCVCC
श्वेत,"['श', '्', 'व', 'े', 'त']",श्वेत,5,CCVC
षट,"['ष', 'ट']",षट,2,CVC
स,['स'],स,1,CV
सक,"['स', 'क']",सक,2,CVC
सच,"['स', 'च']",सच,2,CVC
सज,"['स', 'ज']",सज,2,CVC
सट,"['स', 'ट']",सट,2,CVC
सड़,"['स', 'ड', '़']",सड़,3,CVC
सत्,"['स', 'त', '्']",सत्,3,CVC
सद्यः,"['स', 'द', '्', 'य', 'ः']",सद्यः,5,CVCCV
सध,"['स', 'ध']",सध,2,CVC
सन,"['स', 'न']",सन,2,CVC
सन्,"['स', 'न', '्']",सन्,3,CVC
सन्न,"['स', 'न', '्', 'न']",सन्न,4,CVCC
सप,"['स', 'प']",सप,2,CVC
सब,"['स', 'ब']",सब,2,CVC
सब्र,"['स', 'ब', '्', 'र']",सब्र,4,CVCC
सभ्य,"['स', 'भ', '्', 'य']",सभ्य,4,CVCC
सम,"['स', 'म']",सम,2,CVC
समा,"['स', 'म', 'ा']",समा,3,CVCV
सर,"['स', 'र']",सर,2,CVC
सर्द,"['स', 'र', '्', 'द']",सर्द,4,CVCC
सह,"['स', 'ह']",सह,2,CVC
सा,"['स', 'ा']",सा,2,CV
साँस,"['स', 'ा', 'स']",सास,3,CVC
सांच,"['स', 'ा', 'च']",साच,3,CVC
सांझ,"['स', 'ा', 'झ']",साझ,3,CVC
सांड़,"['स', 'ा', 'ड', '़']",साड़,4,CVC
सांथ,"['स', 'ा', 'थ']",साथ,3,CVC
सांध,"['स', 'ा', 'ध']",साध,3,CVC
सांप,"['स', 'ा', 'प']",साप,3,CVC
साख,"['स', 'ा', 'ख']",साख,3,CVC
साग,"['स', 'ा', 'ग']",साग,3,CVC
साज़,"['स', 'ा', 'ज', '़']",साज़,4,CVC
सात,"['स', 'ा', 'त']",सात,3,CVC
साथ,"['स', 'ा', 'थ']",साथ,3,CVC
साद,"['स', 'ा', 'द']",साद,3,CVC
साध्य,"['स', 'ा', 'ध', '्', 'य']",साध्य,5,CVCC
सान,"['स', 'ा', 'न']",सान,3,CVC
साफ,"['स', 'ा', 'फ']",साफ,3,CVC
साफ़,"['स', 'ा', 'फ', '़']",साफ़,4,CVC
सार,"['स', 'ा', 'र']",सार,3,CVC
साल,"['स', 'ा', 'ल']",साल,3,CVC
सास,"['स', 'ा', 'स']",सास,3,CVC
साह,"['स', 'ा', 'ह']",साह,3,CVC
सा़फ,"['स', 'ा', '़', 'फ']",सा़फ,4,CVVC
सिंक,"['स', 'ि', 'क']",सिक,3,CVC
सिंह,"['स', 'ि', 'ह']",सिह,3,CVC
सिख,"['स', 'ि', 'ख']",सिख,3,CVC
सिम्त,"['स', 'ि', 'म', '्', 'त']",सिम्त,5,CVCC
सिर,"['स', 'ि', 'र']",सिर,3,CVC
सिर्फ,"['स', 'ि', 'र', '्', 'फ']",सिर्फ,5,CVCC
सिर्फ़,"['स', 'ि', 'र', '्', 'फ', '़']",सिर्फ़,6,CVCC
सिल,"['स', 'ि', 'ल']",सिल,3,CVC
सी,"['स', 'ी']",सी,2,CV
सींक,"['स', 'ी', 'क']",सीक,3,CVC
सींग,"['स', 'ी', 'ग']",सीग,3,CVC
सींच,"['स', 'ी', 'च']",सीच,3,CVC
सीख,"['स', 'ी', 'ख']",सीख,3,CVC
सीट,"['स', 'ी', 'ट']",सीट,3,CVC
सीत,"['स', 'ी', 'त']",सीत,3,CVC
सील,"['स', 'ी', 'ल']",सील,3,CVC
सीस,"['स', 'ी', 'स']",सीस,3,CVC
सुख,"['स', 'ु', 'ख']",सुख,3,CVC
सुत,"['स', 'ु', 'त']",सुत,3,CVC
सुध,"['स', 'ु', 'ध']",सुध,3,CVC
सुन,"['स', 'ु', 'न']",सुन,3,CVC
सुन्न,"['स', 'ु', 'न', '्', 'न']",सुन्न,5,CVCC
सुर,"['स', 'ु', 'र']",सुर,3,CVC
सुर्ख,"['स', 'ु', 'र', '्', 'ख']",सुर्ख,5,CVCC
सुर्र,"['स', 'ु', 'र', '्', 'र']",सुर्र,5,CVCC
सुस्त,"['स', 'ु', 'स', '्', 'त']",सुस्त,5,CVCC
सू,"['स', 'ू']",सू,2,CV
सूं,"['स', 'ू']",सू,2,CV
सूंघ,"['स', 'ू', 'घ']",सूघ,3,CVC
सूंड,"['स', 'ू', 'ड']",सूड,3,CVC
सूंड़,"['स', 'ू', 'ड', '़']",सूड़,4,CVC
सूंस,"['स', 'ू', 'स']",सूस,3,CVC
सूख,"['स', 'ू', 'ख']",सूख,3,CVC
सूझ,"['स', 'ू', 'झ']",सूझ,3,CVC
सूट,"['स', 'ू', 'ट']",सूट,3,CVC
सूत,"['स', 'ू', 'त']",सूत,3,CVC
सूत्र,"['स', 'ू', 'त', '्', 'र']",सूत्र,5,CVCC
सूद,"['स', 'ू', 'द']",सूद,3,CVC
सूर्य,"['स', 'ू', 'र', '्', 'य']",सूर्य,5,CVCC
सॅक,"['स', 'ॅ', 'क']",सॅक,3,CVC
से,"['स', 'े']",से,2,CV
सेंक,"['स', 'े', 'क']",सेक,3,CVC
सेंट,"['स', 'े', 'ट']",सेट,3,CVC
सेज,"['स', 'े', 'ज']",सेज,3,CVC
सेट,"['स', 'े', 'ट']",सेट,3,CVC
सेठ,"['स', 'े', 'ठ']",सेठ,3,CVC
सेब,"['स', 'े', 'ब']",सेब,3,CVC
सेर,"['स', 'े', 'र']",सेर,3,CVC
सैट,"['स', 'ै', 'ट']",सैट,3,CVC
सैम,"['स', 'ै', 'म']",सैम,3,CVC
सैर,"['स', 'ै', 'र']",सैर,3,CVC
सॉ,"['स', 'ॉ']",सॉ,2,CV
सो,"['स', 'ो']",सो,2,CV
सोख,"['स', 'ो', 'ख']",सोख,3,CVC
सोच,"['स', 'ो', 'च']",सोच,3,CVC
सोन,"['स', 'ो', 'न']",सोन,3,CVC
सौ,"['स', 'ौ']",सौ,2,CV
सौंप,"['स', 'ौ', 'प']",सौप,3,CVC
सौंफ,"['स', 'ौ', 'फ']",सौफ,3,CVC
सौर,"['स', 'ौ', 'र']",सौर,3,CVC
स्टाफ,"['स', '्', 'ट', 'ा', 'फ']",स्टाफ,5,CCVC
स्ट्रे,"['स', '्', 'ट', '्', 'र', 'े']",स्ट्रे,6,CCCV
स्तब्ध,"['स', '्', 'त', 'ब', '्', 'ध']",स्तब्ध,6,CCVCC
स्तर,"['स', '्', 'त', 'र']",स्तर,4,CCVC
स्त्री,"['स', '्', 'त', '्', 'र', 'ी']",स्त्री,6,CCCV
स्त्रोत,"['स', '्', 'त', '्', 'र', 'ो', 'त']",स्त्रोत,7,CCCVC
स्थल,"['स', '्', 'थ', 'ल']",स्थल,4,CCVC
स्थान,"['स', '्', 'थ', 'ा', 'न']",स्थान,5,CCVC
स्थिर,"['स', '्', 'थ', 'ि', 'र']",स्थिर,5,CCVC
स्नेह,"['स', '्', 'न', 'े', 'ह']",स्नेह,5,CCVC
स्पर्श,"['स', '्', 'प', 'र', '्', 'श']",स्पर्श,6,CCVCC
स्पष्ट,"['स', '्', 'प', 'ष', '्', 'ट']",स्पष्ट,6,CCVCC
स्याह,"['स', '्', 'य', 'ा', 'ह']",स्याह,5,CCVC
स्रोत,"['स', '्', 'र', 'ो', 'त']",स्रोत,5,CCVC
स्वत,"['स', '्', 'व', 'त']",स्वत,4,CCVC
स्वप्न,"['स', '्', 'व', 'प', '्', 'न']",स्वप्न,6,CCVCC
स्वर,"['स', '्', 'व', 'र']",स्वर,4,CCVC
स्वर्ण,"['स', '्', 'व', 'र', '्', 'ण']",स्वर्ण,6,CCVCC
स्वस्थ,"['स', '्', 'व', 'स', '्', 'थ']",स्वस्थ,6,CCVCC
स्वाद,"['स', '्', 'व', 'ा', 'द']",स्वाद,5,CCVC
स्वार्थ,"['स', '्', 'व', 'ा', 'र', '्', 'थ']",स्वार्थ,7,CCVCC
ह,['ह'],ह,1,CV
हँस,"['ह', 'स']",हस,2,CVC
हं,['ह'],ह,1,CV
हंस,"['ह', 'स']",हस,2,CVC
हक,"['ह', 'क']",हक,2,CVC
हट,"['ह', 'ट']",हट,2,CVC
हठ,"['ह', 'ठ']",हठ,2,CVC
हद,"['ह', 'द']",हद,2,CVC
हम,"['ह', 'म']",हम,2,CVC
हय,"['ह', 'य']",हय,2,CVC
हर,"['ह', 'र']",हर,2,CVC
हर्ज,"['ह', 'र', '्', 'ज']",हर्ज,4,CVCC
हर्ज़,"['ह', 'र', '्', 'ज', '़']",हर्ज़,5,CVCC
हर्ष,"['ह', 'र', '्', 'ष']",हर्ष,4,CVCC
हल,"['ह', 'ल']",हल,2,CVC
हष्ट,"['ह', 'ष', '्', 'ट']",हष्ट,4,CVCC
हस,"['ह', 'स']",हस,2,CVC
हा,"['ह', 'ा']",हा,2,CV
हाँ,"['ह', 'ा']",हा,2,CV
हां,"['ह', 'ा']",हा,2,CV
हांक,"['ह', 'ा', 'क']",हाक,3,CVC
हांफ,"['ह', 'ा', 'फ']",हाफ,3,CVC
हाट,"['ह', 'ा', 'ट']",हाट,3,CVC
हाथ,"['ह', 'ा', 'थ']",हाथ,3,CVC
हाय,"['ह', 'ा', 'य']",हाय,3,CVC
हार,"['ह', 'ा', 'र']",हार,3,CVC
हाल,"['ह', 'ा', 'ल']",हाल,3,CVC
हाव,"['ह', 'ा', 'व']",हाव,3,CVC
हास्य,"['ह', 'ा', 'स', '्', 'य']",हास्य,5,CVCC
हिं,"['ह', 'ि']",हि,2,CV
हिंद,"['ह', 'ि', 'द']",हिद,3,CVC
हिंस्र,"['ह', 'ि', 'स', '्', 'र']",हिस्र,5,CVCC
हित,"['ह', 'ि', 'त']",हित,3,CVC
हिब,"['ह', 'ि', 'ब']",हिब,3,CVC
हिम,"['ह', 'ि', 'म']",हिम,3,CVC
हिल,"['ह', 'ि', 'ल']",हिल,3,CVC
ही,"['ह', 'ी']",ही,2,CV
हीर,"['ह', 'ी', 'र']",हीर,3,CVC
हुं,"['ह', 'ु']",हु,2,CV
हुक्म,"['ह', 'ु', 'क', '्', 'म']",हुक्म,5,CVCC
हुल,"['ह', 'ु', 'ल']",हुल,3,CVC
हू,"['ह', 'ू']",हू,2,CV
हूप,"['ह', 'ू', 'प']",हूप,3,CVC
हूब,"['ह', 'ू', 'ब']",हूब,3,CVC
हे,"['ह', 'े']",हे,2,CV
हें,"['ह', 'े']",हे,2,CV
हेग,"['ह', 'े', 'ग']",हेग,3,CVC
हेत,"['ह', 'े', 'त']",हेत,3,CVC
हेय,"['ह', 'े', 'य']",हेय,3,CVC
हेल,"['ह', 'े', 'ल']",हेल,3,CVC
हेै,"['ह', 'े', 'ै']",हेै,3,CVV
है,"['ह', 'ै']",है,2,CV
हैं,"['ह', 'ै']",है,2,CV
हॉं,"['ह', 'ॉ']",हॉ,2,CV
हो,"['ह', 'ो']",हो,2,CV
हों,"['ह', 'ो']",हो,2,CV
होंठ,"['ह', 'ो', 'ठ']",होठ,3,CVC
होड़,"['ह', 'ो', 'ड', '़']",होड़,4,CVC
होम,"['ह', 'ो', 'म']",होम,3,CVC
होल,"['ह', 'ो', 'ल']",होल,3,CVC
होश,"['ह', 'ो', 'श']",होश,3,CVC
हौज़,"['ह', 'ौ', 'ज', '़']",हौज़,4,CVC
ह्रास,"['ह', '्', 'र', 'ा', 'स']",ह्रास,5,CCVC
